layer,expert,count
0,0,24
0,1,2
0,2,9
0,3,0
0,4,4
0,5,30
0,6,14
0,7,47
0,8,33
0,9,30
0,10,19
0,11,61
0,12,2
0,13,16
0,14,33
0,15,44
0,16,45
0,17,14
0,18,45
0,19,24
0,20,9
0,21,4
0,22,24
0,23,14
0,24,12
0,25,12
0,26,12
0,27,18
0,28,7
0,29,45
0,30,51
0,31,5
0,32,42
0,33,5
0,34,16
0,35,33
0,36,11
0,37,119
0,38,65
0,39,21
0,40,11
0,41,35
0,42,9
0,43,91
0,44,35
0,45,40
0,46,9
0,47,26
0,48,45
0,49,89
0,50,21
0,51,65
0,52,37
0,53,77
0,54,59
0,55,0
0,56,2
0,57,42
0,58,72
0,59,40
0,60,28
0,61,61
0,62,126
0,63,4
0,64,0
0,65,5
0,66,16
0,67,19
0,68,86
0,69,18
0,70,73
0,71,14
0,72,26
0,73,4
0,74,42
0,75,247
0,76,18
0,77,42
0,78,5
0,79,138
0,80,30
0,81,82
0,82,4
0,83,40
0,84,28
0,85,18
0,86,35
0,87,51
0,88,35
0,89,2
0,90,7
0,91,40
0,92,9
0,93,63
0,94,77
0,95,52
0,96,11
0,97,31
0,98,44
0,99,18
0,100,7
0,101,44
0,102,23
0,103,24
0,104,47
0,105,37
0,106,12
0,107,12
0,108,73
0,109,7
0,110,0
0,111,11
0,112,45
0,113,30
0,114,38
0,115,79
0,116,17
0,117,24
0,118,14
0,119,388
0,120,56
0,121,30
0,122,7
0,123,33
0,124,66
0,125,115
0,126,65
0,127,11
0,128,79
0,129,19
0,130,77
0,131,17
0,132,28
0,133,37
0,134,12
0,135,35
0,136,23
0,137,38
0,138,119
0,139,38
0,140,26
0,141,332
0,142,30
0,143,56
0,144,26
0,145,40
0,146,23
0,147,14
0,148,38
0,149,16
0,150,40
0,151,2
0,152,4
0,153,11
0,154,11
0,155,28
0,156,52
0,157,28
0,158,82
0,159,49
0,160,24
0,161,28
0,162,2
0,163,54
0,164,38
0,165,7
0,166,47
0,167,100
0,168,26
0,169,44
0,170,26
0,171,7
0,172,24
0,173,110
0,174,58
0,175,28
0,176,26
0,177,7
0,178,7
0,179,65
0,180,9
0,181,16
0,182,87
0,183,7
0,184,9
0,185,31
0,186,7
0,187,24
0,188,19
0,189,52
0,190,58
0,191,101
0,192,11
0,193,94
0,194,16
0,195,82
0,196,28
0,197,35
0,198,42
0,199,17
0,200,37
0,201,19
0,202,5
0,203,5
0,204,45
0,205,23
0,206,42
0,207,4
0,208,77
0,209,107
0,210,38
0,211,11
0,212,16
0,213,37
0,214,58
0,215,30
0,216,45
0,217,24
0,218,21
0,219,0
0,220,17
0,221,357
0,222,37
0,223,5
0,224,0
0,225,0
0,226,12
0,227,0
0,228,2
0,229,28
0,230,73
0,231,105
0,232,70
0,233,2
0,234,12
0,235,107
0,236,110
0,237,107
0,238,59
0,239,30
0,240,65
0,241,11
0,242,68
0,243,33
0,244,19
0,245,24
0,246,16
0,247,80
0,248,12
0,249,33
0,250,5
0,251,5
0,252,12
0,253,77
0,254,58
0,255,12
1,0,45
1,1,59
1,2,16
1,3,33
1,4,7
1,5,35
1,6,12
1,7,91
1,8,16
1,9,11
1,10,108
1,11,49
1,12,11
1,13,18
1,14,73
1,15,4
1,16,40
1,17,19
1,18,0
1,19,18
1,20,26
1,21,70
1,22,7
1,23,65
1,24,385
1,25,16
1,26,40
1,27,49
1,28,45
1,29,9
1,30,84
1,31,2
1,32,37
1,33,47
1,34,24
1,35,14
1,36,12
1,37,5
1,38,0
1,39,56
1,40,31
1,41,0
1,42,5
1,43,12
1,44,37
1,45,23
1,46,105
1,47,143
1,48,12
1,49,28
1,50,4
1,51,285
1,52,33
1,53,18
1,54,23
1,55,28
1,56,37
1,57,56
1,58,37
1,59,28
1,60,49
1,61,26
1,62,87
1,63,14
1,64,73
1,65,26
1,66,28
1,67,4
1,68,26
1,69,12
1,70,56
1,71,19
1,72,44
1,73,23
1,74,5
1,75,208
1,76,18
1,77,37
1,78,255
1,79,16
1,80,54
1,81,31
1,82,49
1,83,31
1,84,0
1,85,4
1,86,38
1,87,61
1,88,31
1,89,14
1,90,52
1,91,7
1,92,12
1,93,35
1,94,38
1,95,19
1,96,28
1,97,59
1,98,14
1,99,12
1,100,24
1,101,21
1,102,59
1,103,24
1,104,14
1,105,38
1,106,2
1,107,37
1,108,115
1,109,16
1,110,2
1,111,2
1,112,58
1,113,79
1,114,21
1,115,0
1,116,0
1,117,47
1,118,37
1,119,19
1,120,18
1,121,4
1,122,61
1,123,131
1,124,215
1,125,30
1,126,18
1,127,4
1,128,35
1,129,54
1,130,0
1,131,16
1,132,42
1,133,19
1,134,19
1,135,9
1,136,9
1,137,16
1,138,12
1,139,119
1,140,219
1,141,40
1,142,18
1,143,38
1,144,24
1,145,26
1,146,59
1,147,31
1,148,5
1,149,18
1,150,31
1,151,70
1,152,350
1,153,33
1,154,28
1,155,65
1,156,9
1,157,7
1,158,11
1,159,14
1,160,4
1,161,2
1,162,100
1,163,73
1,164,18
1,165,4
1,166,40
1,167,142
1,168,30
1,169,38
1,170,9
1,171,80
1,172,70
1,173,42
1,174,51
1,175,18
1,176,7
1,177,59
1,178,19
1,179,45
1,180,14
1,181,40
1,182,98
1,183,28
1,184,103
1,185,33
1,186,35
1,187,16
1,188,63
1,189,65
1,190,21
1,191,75
1,192,47
1,193,171
1,194,4
1,195,63
1,196,7
1,197,12
1,198,7
1,199,19
1,200,49
1,201,117
1,202,19
1,203,24
1,204,12
1,205,0
1,206,44
1,207,12
1,208,21
1,209,40
1,210,23
1,211,30
1,212,44
1,213,2
1,214,35
1,215,42
1,216,47
1,217,23
1,218,0
1,219,16
1,220,23
1,221,17
1,222,12
1,223,31
1,224,24
1,225,23
1,226,19
1,227,11
1,228,23
1,229,2
1,230,37
1,231,37
1,232,51
1,233,33
1,234,28
1,235,38
1,236,4
1,237,23
1,238,14
1,239,9
1,240,42
1,241,5
1,242,7
1,243,58
1,244,44
1,245,30
1,246,24
1,247,12
1,248,5
1,249,7
1,250,31
1,251,31
1,252,19
1,253,24
1,254,40
1,255,30
2,0,38
2,1,45
2,2,12
2,3,105
2,4,49
2,5,24
2,6,26
2,7,24
2,8,58
2,9,7
2,10,35
2,11,124
2,12,16
2,13,14
2,14,44
2,15,12
2,16,35
2,17,63
2,18,28
2,19,19
2,20,77
2,21,52
2,22,31
2,23,21
2,24,12
2,25,72
2,26,31
2,27,26
2,28,9
2,29,47
2,30,28
2,31,65
2,32,14
2,33,31
2,34,58
2,35,54
2,36,38
2,37,66
2,38,119
2,39,31
2,40,166
2,41,14
2,42,152
2,43,100
2,44,31
2,45,4
2,46,9
2,47,16
2,48,9
2,49,68
2,50,4
2,51,38
2,52,26
2,53,9
2,54,11
2,55,24
2,56,21
2,57,18
2,58,19
2,59,44
2,60,94
2,61,105
2,62,18
2,63,49
2,64,33
2,65,31
2,66,2
2,67,23
2,68,38
2,69,21
2,70,68
2,71,54
2,72,93
2,73,14
2,74,44
2,75,23
2,76,93
2,77,16
2,78,31
2,79,128
2,80,4
2,81,61
2,82,52
2,83,52
2,84,24
2,85,5
2,86,23
2,87,79
2,88,178
2,89,5
2,90,100
2,91,61
2,92,63
2,93,100
2,94,12
2,95,54
2,96,11
2,97,44
2,98,16
2,99,14
2,100,30
2,101,11
2,102,26
2,103,40
2,104,70
2,105,2
2,106,35
2,107,14
2,108,44
2,109,54
2,110,42
2,111,35
2,112,14
2,113,45
2,114,44
2,115,30
2,116,11
2,117,21
2,118,23
2,119,47
2,120,24
2,121,40
2,122,58
2,123,58
2,124,5
2,125,19
2,126,257
2,127,18
2,128,52
2,129,35
2,130,63
2,131,24
2,132,11
2,133,12
2,134,7
2,135,31
2,136,7
2,137,0
2,138,7
2,139,79
2,140,21
2,141,7
2,142,30
2,143,18
2,144,26
2,145,47
2,146,44
2,147,0
2,148,7
2,149,45
2,150,19
2,151,23
2,152,2
2,153,19
2,154,18
2,155,4
2,156,30
2,157,110
2,158,72
2,159,33
2,160,14
2,161,7
2,162,42
2,163,18
2,164,133
2,165,21
2,166,30
2,167,52
2,168,35
2,169,37
2,170,110
2,171,24
2,172,21
2,173,16
2,174,45
2,175,110
2,176,26
2,177,38
2,178,16
2,179,30
2,180,0
2,181,9
2,182,35
2,183,14
2,184,19
2,185,23
2,186,47
2,187,198
2,188,255
2,189,11
2,190,9
2,191,5
2,192,21
2,193,101
2,194,14
2,195,9
2,196,40
2,197,11
2,198,38
2,199,24
2,200,37
2,201,14
2,202,21
2,203,16
2,204,47
2,205,5
2,206,19
2,207,131
2,208,96
2,209,12
2,210,75
2,211,18
2,212,7
2,213,26
2,214,4
2,215,23
2,216,163
2,217,66
2,218,16
2,219,77
2,220,24
2,221,18
2,222,56
2,223,63
2,224,18
2,225,11
2,226,9
2,227,12
2,228,94
2,229,11
2,230,38
2,231,16
2,232,26
2,233,16
2,234,7
2,235,47
2,236,9
2,237,21
2,238,26
2,239,17
2,240,5
2,241,31
2,242,17
2,243,23
2,244,0
2,245,42
2,246,7
2,247,5
2,248,23
2,249,38
2,250,7
2,251,54
2,252,73
2,253,86
2,254,58
2,255,12
3,0,0
3,1,9
3,2,17
3,3,19
3,4,26
3,5,4
3,6,371
3,7,0
3,8,2
3,9,4
3,10,7
3,11,0
3,12,59
3,13,2
3,14,2
3,15,7
3,16,14
3,17,19
3,18,0
3,19,0
3,20,4
3,21,5
3,22,73
3,23,21
3,24,0
3,25,59
3,26,100
3,27,12
3,28,14
3,29,24
3,30,14
3,31,24
3,32,0
3,33,0
3,34,166
3,35,152
3,36,77
3,37,101
3,38,31
3,39,5
3,40,16
3,41,16
3,42,2
3,43,68
3,44,2
3,45,26
3,46,35
3,47,0
3,48,21
3,49,2
3,50,23
3,51,110
3,52,670
3,53,28
3,54,7
3,55,7
3,56,73
3,57,2
3,58,30
3,59,65
3,60,5
3,61,2
3,62,5
3,63,0
3,64,4
3,65,24
3,66,0
3,67,17
3,68,4
3,69,77
3,70,7
3,71,4
3,72,4
3,73,31
3,74,0
3,75,17
3,76,7
3,77,108
3,78,2
3,79,0
3,80,5
3,81,14
3,82,5
3,83,30
3,84,49
3,85,10
3,86,2
3,87,203
3,88,4
3,89,24
3,90,10
3,91,147
3,92,16
3,93,0
3,94,9
3,95,0
3,96,0
3,97,21
3,98,19
3,99,4
3,100,4
3,101,0
3,102,0
3,103,63
3,104,19
3,105,7
3,106,77
3,107,2
3,108,68
3,109,7
3,110,23
3,111,9
3,112,12
3,113,10
3,114,5
3,115,0
3,116,33
3,117,89
3,118,14
3,119,65
3,120,2
3,121,4
3,122,24
3,123,4
3,124,4
3,125,16
3,126,35
3,127,0
3,128,152
3,129,115
3,130,77
3,131,0
3,132,4
3,133,37
3,134,4
3,135,105
3,136,0
3,137,16
3,138,37
3,139,4
3,140,2
3,141,589
3,142,45
3,143,7
3,144,0
3,145,5
3,146,70
3,147,19
3,148,16
3,149,192
3,150,12
3,151,0
3,152,35
3,153,5
3,154,226
3,155,2
3,156,12
3,157,7
3,158,12
3,159,7
3,160,12
3,161,9
3,162,14
3,163,135
3,164,17
3,165,0
3,166,26
3,167,58
3,168,0
3,169,14
3,170,91
3,171,12
3,172,28
3,173,4
3,174,28
3,175,4
3,176,7
3,177,10
3,178,10
3,179,4
3,180,5
3,181,0
3,182,44
3,183,66
3,184,4
3,185,2
3,186,0
3,187,49
3,188,38
3,189,3
3,190,10
3,191,17
3,192,12
3,193,17
3,194,26
3,195,2
3,196,423
3,197,59
3,198,0
3,199,163
3,200,5
3,201,294
3,202,37
3,203,572
3,204,10
3,205,0
3,206,0
3,207,10
3,208,0
3,209,9
3,210,17
3,211,124
3,212,7
3,213,24
3,214,9
3,215,2
3,216,7
3,217,12
3,218,2
3,219,9
3,220,0
3,221,28
3,222,12
3,223,0
3,224,149
3,225,9
3,226,89
3,227,0
3,228,3
3,229,2
3,230,82
3,231,30
3,232,2
3,233,152
3,234,16
3,235,54
3,236,49
3,237,23
3,238,12
3,239,3
3,240,7
3,241,0
3,242,3
3,243,79
3,244,14
3,245,16
3,246,19
3,247,16
3,248,10
3,249,35
3,250,23
3,251,510
3,252,5
3,253,16
3,254,5
3,255,7
4,0,2
4,1,2
4,2,40
4,3,2
4,4,79
4,5,21
4,6,500
4,7,11
4,8,73
4,9,17
4,10,0
4,11,4
4,12,12
4,13,31
4,14,87
4,15,217
4,16,0
4,17,4
4,18,0
4,19,2
4,20,40
4,21,9
4,22,0
4,23,4
4,24,2
4,25,2
4,26,2
4,27,0
4,28,19
4,29,4
4,30,4
4,31,0
4,32,0
4,33,0
4,34,9
4,35,5
4,36,381
4,37,2
4,38,12
4,39,7
4,40,2
4,41,0
4,42,0
4,43,2
4,44,82
4,45,51
4,46,12
4,47,0
4,48,0
4,49,9
4,50,5
4,51,0
4,52,0
4,53,0
4,54,82
4,55,31
4,56,2
4,57,4
4,58,44
4,59,0
4,60,21
4,61,65
4,62,12
4,63,0
4,64,4
4,65,59
4,66,2
4,67,89
4,68,0
4,69,7
4,70,355
4,71,44
4,72,12
4,73,2
4,74,9
4,75,11
4,76,33
4,77,0
4,78,0
4,79,12
4,80,0
4,81,30
4,82,4
4,83,0
4,84,0
4,85,0
4,86,0
4,87,49
4,88,72
4,89,5
4,90,400
4,91,7
4,92,9
4,93,0
4,94,42
4,95,80
4,96,12
4,97,19
4,98,54
4,99,4
4,100,19
4,101,2
4,102,117
4,103,5
4,104,2
4,105,52
4,106,0
4,107,0
4,108,105
4,109,2
4,110,0
4,111,346
4,112,19
4,113,0
4,114,0
4,115,0
4,116,535
4,117,0
4,118,28
4,119,24
4,120,11
4,121,435
4,122,17
4,123,21
4,124,0
4,125,38
4,126,0
4,127,7
4,128,59
4,129,217
4,130,7
4,131,49
4,132,28
4,133,17
4,134,0
4,135,17
4,136,5
4,137,2
4,138,5
4,139,16
4,140,49
4,141,2
4,142,89
4,143,12
4,144,70
4,145,5
4,146,7
4,147,66
4,148,142
4,149,72
4,150,19
4,151,33
4,152,526
4,153,19
4,154,129
4,155,4
4,156,10
4,157,16
4,158,10
4,159,14
4,160,101
4,161,30
4,162,0
4,163,38
4,164,7
4,165,24
4,166,0
4,167,68
4,168,0
4,169,0
4,170,168
4,171,35
4,172,2
4,173,28
4,174,2
4,175,266
4,176,2
4,177,0
4,178,16
4,179,24
4,180,5
4,181,86
4,182,5
4,183,14
4,184,28
4,185,0
4,186,5
4,187,10
4,188,0
4,189,128
4,190,0
4,191,2
4,192,33
4,193,77
4,194,47
4,195,26
4,196,0
4,197,12
4,198,5
4,199,4
4,200,77
4,201,17
4,202,4
4,203,59
4,204,2
4,205,124
4,206,75
4,207,0
4,208,21
4,209,0
4,210,0
4,211,0
4,212,0
4,213,0
4,214,16
4,215,0
4,216,45
4,217,7
4,218,4
4,219,126
4,220,0
4,221,98
4,222,49
4,223,0
4,224,14
4,225,0
4,226,0
4,227,14
4,228,12
4,229,16
4,230,37
4,231,5
4,232,5
4,233,4
4,234,4
4,235,56
4,236,40
4,237,0
4,238,255
4,239,38
4,240,135
4,241,75
4,242,37
4,243,21
4,244,70
4,245,30
4,246,19
4,247,7
4,248,5
4,249,19
4,250,31
4,251,0
4,252,0
4,253,63
4,254,2
4,255,7
5,0,152
5,1,0
5,2,84
5,3,9
5,4,9
5,5,0
5,6,17
5,7,208
5,8,101
5,9,16
5,10,21
5,11,9
5,12,0
5,13,10
5,14,14
5,15,2
5,16,0
5,17,2
5,18,5
5,19,63
5,20,5
5,21,54
5,22,316
5,23,30
5,24,5
5,25,14
5,26,0
5,27,16
5,28,2
5,29,2
5,30,0
5,31,9
5,32,26
5,33,0
5,34,0
5,35,5
5,36,0
5,37,0
5,38,2
5,39,0
5,40,2
5,41,45
5,42,0
5,43,47
5,44,23
5,45,4
5,46,4
5,47,80
5,48,0
5,49,7
5,50,215
5,51,0
5,52,79
5,53,40
5,54,0
5,55,23
5,56,19
5,57,9
5,58,427
5,59,0
5,60,9
5,61,33
5,62,10
5,63,24
5,64,87
5,65,121
5,66,2
5,67,35
5,68,7
5,69,10
5,70,337
5,71,94
5,72,21
5,73,2
5,74,17
5,75,0
5,76,61
5,77,59
5,78,45
5,79,31
5,80,2
5,81,112
5,82,0
5,83,4
5,84,28
5,85,19
5,86,42
5,87,5
5,88,24
5,89,10
5,90,79
5,91,2
5,92,0
5,93,30
5,94,9
5,95,0
5,96,12
5,97,0
5,98,77
5,99,23
5,100,9
5,101,0
5,102,0
5,103,42
5,104,33
5,105,0
5,106,0
5,107,2
5,108,35
5,109,23
5,110,9
5,111,21
5,112,12
5,113,0
5,114,33
5,115,135
5,116,0
5,117,93
5,118,0
5,119,19
5,120,66
5,121,2
5,122,44
5,123,2
5,124,0
5,125,0
5,126,0
5,127,44
5,128,0
5,129,7
5,130,0
5,131,4
5,132,44
5,133,0
5,134,7
5,135,61
5,136,107
5,137,157
5,138,2
5,139,14
5,140,2
5,141,12
5,142,84
5,143,10
5,144,0
5,145,70
5,146,170
5,147,14
5,148,2
5,149,14
5,150,0
5,151,16
5,152,170
5,153,738
5,154,33
5,155,0
5,156,0
5,157,0
5,158,84
5,159,14
5,160,12
5,161,61
5,162,40
5,163,288
5,164,110
5,165,56
5,166,2
5,167,0
5,168,2
5,169,4
5,170,173
5,171,0
5,172,30
5,173,0
5,174,28
5,175,5
5,176,0
5,177,488
5,178,10
5,179,0
5,180,10
5,181,4
5,182,9
5,183,0
5,184,2
5,185,12
5,186,70
5,187,5
5,188,122
5,189,12
5,190,0
5,191,42
5,192,760
5,193,70
5,194,40
5,195,0
5,196,0
5,197,2
5,198,44
5,199,0
5,200,3
5,201,0
5,202,61
5,203,0
5,204,16
5,205,7
5,206,10
5,207,7
5,208,10
5,209,0
5,210,68
5,211,0
5,212,0
5,213,82
5,214,100
5,215,0
5,216,2
5,217,0
5,218,35
5,219,0
5,220,52
5,221,0
5,222,191
5,223,9
5,224,61
5,225,2
5,226,14
5,227,0
5,228,84
5,229,31
5,230,24
5,231,2
5,232,12
5,233,0
5,234,14
5,235,173
5,236,37
5,237,14
5,238,0
5,239,24
5,240,0
5,241,7
5,242,3
5,243,2
5,244,2
5,245,2
5,246,0
5,247,0
5,248,33
5,249,9
5,250,37
5,251,7
5,252,30
5,253,2
5,254,16
5,255,17
6,0,0
6,1,16
6,2,9
6,3,24
6,4,10
6,5,10
6,6,2
6,7,26
6,8,31
6,9,0
6,10,0
6,11,0
6,12,33
6,13,0
6,14,309
6,15,38
6,16,23
6,17,0
6,18,0
6,19,91
6,20,0
6,21,12
6,22,24
6,23,0
6,24,4
6,25,154
6,26,839
6,27,0
6,28,0
6,29,0
6,30,205
6,31,201
6,32,0
6,33,0
6,34,269
6,35,0
6,36,4
6,37,0
6,38,2
6,39,38
6,40,2
6,41,2
6,42,9
6,43,19
6,44,12
6,45,0
6,46,7
6,47,0
6,48,7
6,49,40
6,50,19
6,51,107
6,52,17
6,53,2
6,54,82
6,55,38
6,56,0
6,57,45
6,58,19
6,59,30
6,60,98
6,61,4
6,62,14
6,63,7
6,64,0
6,65,135
6,66,0
6,67,0
6,68,77
6,69,0
6,70,4
6,71,0
6,72,192
6,73,10
6,74,2
6,75,10
6,76,5
6,77,16
6,78,4
6,79,140
6,80,0
6,81,4
6,82,117
6,83,2
6,84,21
6,85,0
6,86,0
6,87,0
6,88,5
6,89,17
6,90,17
6,91,5
6,92,84
6,93,0
6,94,0
6,95,2
6,96,9
6,97,9
6,98,5
6,99,12
6,100,24
6,101,10
6,102,470
6,103,0
6,104,4
6,105,9
6,106,12
6,107,4
6,108,0
6,109,0
6,110,14
6,111,0
6,112,0
6,113,21
6,114,23
6,115,14
6,116,0
6,117,0
6,118,23
6,119,4
6,120,14
6,121,68
6,122,28
6,123,7
6,124,4
6,125,84
6,126,21
6,127,7
6,128,31
6,129,10
6,130,0
6,131,4
6,132,75
6,133,10
6,134,0
6,135,2
6,136,0
6,137,0
6,138,59
6,139,4
6,140,0
6,141,760
6,142,0
6,143,24
6,144,5
6,145,4
6,146,0
6,147,9
6,148,16
6,149,5
6,150,0
6,151,4
6,152,0
6,153,82
6,154,14
6,155,0
6,156,45
6,157,93
6,158,0
6,159,759
6,160,19
6,161,100
6,162,0
6,163,10
6,164,5
6,165,70
6,166,4
6,167,75
6,168,199
6,169,308
6,170,143
6,171,7
6,172,4
6,173,30
6,174,9
6,175,0
6,176,12
6,177,52
6,178,7
6,179,0
6,180,0
6,181,2
6,182,45
6,183,12
6,184,7
6,185,70
6,186,26
6,187,0
6,188,0
6,189,0
6,190,4
6,191,2
6,192,70
6,193,5
6,194,5
6,195,86
6,196,126
6,197,2
6,198,0
6,199,23
6,200,38
6,201,7
6,202,0
6,203,157
6,204,5
6,205,0
6,206,24
6,207,31
6,208,5
6,209,72
6,210,206
6,211,21
6,212,196
6,213,2
6,214,0
6,215,140
6,216,0
6,217,4
6,218,0
6,219,0
6,220,0
6,221,14
6,222,9
6,223,0
6,224,0
6,225,4
6,226,7
6,227,0
6,228,10
6,229,0
6,230,16
6,231,4
6,232,2
6,233,0
6,234,0
6,235,35
6,236,0
6,237,119
6,238,259
6,239,12
6,240,0
6,241,2
6,242,0
6,243,9
6,244,0
6,245,75
6,246,10
6,247,3
6,248,2
6,249,142
6,250,0
6,251,0
6,252,0
6,253,0
6,254,9
6,255,72
7,0,0
7,1,0
7,2,87
7,3,10
7,4,28
7,5,9
7,6,38
7,7,16
7,8,2
7,9,0
7,10,0
7,11,0
7,12,79
7,13,0
7,14,37
7,15,7
7,16,35
7,17,9
7,18,0
7,19,35
7,20,37
7,21,7
7,22,2
7,23,114
7,24,47
7,25,0
7,26,281
7,27,75
7,28,2
7,29,82
7,30,2
7,31,0
7,32,82
7,33,0
7,34,0
7,35,35
7,36,37
7,37,9
7,38,112
7,39,135
7,40,2
7,41,0
7,42,12
7,43,0
7,44,47
7,45,0
7,46,0
7,47,0
7,48,17
7,49,45
7,50,0
7,51,4
7,52,17
7,53,0
7,54,7
7,55,0
7,56,4
7,57,2
7,58,16
7,59,374
7,60,0
7,61,12
7,62,136
7,63,10
7,64,56
7,65,0
7,66,21
7,67,2
7,68,14
7,69,0
7,70,30
7,71,0
7,72,17
7,73,0
7,74,0
7,75,2
7,76,110
7,77,0
7,78,173
7,79,9
7,80,9
7,81,3
7,82,0
7,83,23
7,84,0
7,85,63
7,86,37
7,87,0
7,88,9
7,89,0
7,90,0
7,91,26
7,92,23
7,93,0
7,94,5
7,95,0
7,96,31
7,97,0
7,98,2
7,99,0
7,100,10
7,101,9
7,102,9
7,103,2
7,104,38
7,105,149
7,106,0
7,107,9
7,108,3
7,109,0
7,110,0
7,111,372
7,112,77
7,113,0
7,114,2
7,115,0
7,116,5
7,117,252
7,118,283
7,119,30
7,120,191
7,121,0
7,122,0
7,123,65
7,124,0
7,125,9
7,126,0
7,127,0
7,128,47
7,129,3
7,130,0
7,131,7
7,132,652
7,133,229
7,134,7
7,135,2
7,136,2
7,137,49
7,138,9
7,139,79
7,140,274
7,141,9
7,142,52
7,143,2
7,144,2
7,145,12
7,146,2
7,147,54
7,148,5
7,149,2
7,150,0
7,151,0
7,152,2
7,153,0
7,154,250
7,155,19
7,156,0
7,157,2
7,158,17
7,159,2
7,160,91
7,161,19
7,162,0
7,163,0
7,164,21
7,165,2
7,166,93
7,167,59
7,168,7
7,169,44
7,170,0
7,171,247
7,172,2
7,173,0
7,174,470
7,175,129
7,176,159
7,177,0
7,178,0
7,179,0
7,180,0
7,181,49
7,182,154
7,183,37
7,184,42
7,185,554
7,186,0
7,187,77
7,188,2
7,189,0
7,190,17
7,191,2
7,192,5
7,193,0
7,194,19
7,195,9
7,196,0
7,197,0
7,198,0
7,199,70
7,200,2
7,201,0
7,202,0
7,203,5
7,204,5
7,205,0
7,206,0
7,207,0
7,208,37
7,209,0
7,210,0
7,211,0
7,212,5
7,213,3
7,214,9
7,215,0
7,216,14
7,217,3
7,218,7
7,219,2
7,220,24
7,221,9
7,222,0
7,223,45
7,224,0
7,225,7
7,226,117
7,227,385
7,228,44
7,229,42
7,230,0
7,231,0
7,232,0
7,233,0
7,234,0
7,235,7
7,236,0
7,237,7
7,238,0
7,239,3
7,240,14
7,241,7
7,242,3
7,243,33
7,244,217
7,245,107
7,246,145
7,247,5
7,248,0
7,249,0
7,250,9
7,251,0
7,252,3
7,253,10
7,254,140
7,255,17
8,0,4
8,1,26
8,2,4
8,3,0
8,4,79
8,5,0
8,6,10
8,7,9
8,8,0
8,9,0
8,10,0
8,11,2
8,12,4
8,13,0
8,14,0
8,15,54
8,16,316
8,17,2
8,18,0
8,19,0
8,20,4
8,21,2
8,22,0
8,23,124
8,24,0
8,25,0
8,26,17
8,27,0
8,28,2
8,29,66
8,30,0
8,31,2
8,32,33
8,33,80
8,34,2
8,35,112
8,36,2
8,37,0
8,38,4
8,39,0
8,40,2
8,41,203
8,42,9
8,43,16
8,44,0
8,45,2
8,46,0
8,47,149
8,48,14
8,49,0
8,50,2
8,51,0
8,52,28
8,53,170
8,54,0
8,55,0
8,56,59
8,57,7
8,58,0
8,59,10
8,60,0
8,61,16
8,62,9
8,63,4
8,64,0
8,65,38
8,66,0
8,67,0
8,68,24
8,69,9
8,70,0
8,71,199
8,72,409
8,73,484
8,74,26
8,75,0
8,76,4
8,77,31
8,78,0
8,79,0
8,80,49
8,81,2
8,82,0
8,83,5
8,84,0
8,85,364
8,86,26
8,87,0
8,88,2
8,89,63
8,90,0
8,91,14
8,92,0
8,93,23
8,94,0
8,95,12
8,96,0
8,97,0
8,98,129
8,99,117
8,100,2
8,101,0
8,102,0
8,103,0
8,104,58
8,105,2
8,106,2
8,107,37
8,108,0
8,109,0
8,110,0
8,111,0
8,112,42
8,113,103
8,114,0
8,115,9
8,116,170
8,117,2
8,118,0
8,119,0
8,120,10
8,121,44
8,122,7
8,123,42
8,124,31
8,125,4
8,126,0
8,127,5
8,128,0
8,129,0
8,130,0
8,131,0
8,132,17
8,133,710
8,134,0
8,135,0
8,136,4
8,137,3
8,138,0
8,139,2
8,140,0
8,141,37
8,142,294
8,143,9
8,144,0
8,145,206
8,146,0
8,147,0
8,148,184
8,149,0
8,150,0
8,151,510
8,152,10
8,153,0
8,154,0
8,155,0
8,156,0
8,157,37
8,158,0
8,159,38
8,160,3
8,161,9
8,162,51
8,163,0
8,164,77
8,165,19
8,166,0
8,167,0
8,168,5
8,169,0
8,170,0
8,171,622
8,172,19
8,173,33
8,174,7
8,175,7
8,176,0
8,177,0
8,178,0
8,179,156
8,180,117
8,181,173
8,182,33
8,183,5
8,184,24
8,185,38
8,186,0
8,187,2
8,188,58
8,189,0
8,190,0
8,191,24
8,192,2
8,193,3
8,194,2
8,195,122
8,196,0
8,197,3
8,198,0
8,199,0
8,200,0
8,201,5
8,202,0
8,203,262
8,204,0
8,205,31
8,206,192
8,207,2
8,208,0
8,209,0
8,210,21
8,211,3
8,212,12
8,213,10
8,214,0
8,215,0
8,216,58
8,217,2
8,218,0
8,219,2
8,220,28
8,221,0
8,222,10
8,223,3
8,224,766
8,225,91
8,226,0
8,227,0
8,228,0
8,229,0
8,230,0
8,231,0
8,232,0
8,233,21
8,234,52
8,235,0
8,236,2
8,237,42
8,238,0
8,239,217
8,240,0
8,241,0
8,242,17
8,243,61
8,244,0
8,245,37
8,246,42
8,247,9
8,248,2
8,249,58
8,250,2
8,251,0
8,252,0
8,253,3
8,254,2
8,255,0
9,0,2
9,1,108
9,2,49
9,3,0
9,4,5
9,5,80
9,6,93
9,7,0
9,8,2
9,9,7
9,10,0
9,11,4
9,12,7
9,13,0
9,14,0
9,15,2
9,16,0
9,17,0
9,18,2
9,19,16
9,20,238
9,21,0
9,22,14
9,23,229
9,24,0
9,25,0
9,26,0
9,27,5
9,28,182
9,29,58
9,30,0
9,31,0
9,32,33
9,33,0
9,34,0
9,35,4
9,36,35
9,37,0
9,38,180
9,39,30
9,40,0
9,41,0
9,42,0
9,43,4
9,44,21
9,45,4
9,46,0
9,47,17
9,48,0
9,49,0
9,50,0
9,51,0
9,52,0
9,53,14
9,54,107
9,55,0
9,56,0
9,57,0
9,58,0
9,59,7
9,60,0
9,61,580
9,62,0
9,63,7
9,64,0
9,65,4
9,66,0
9,67,0
9,68,705
9,69,70
9,70,0
9,71,7
9,72,2
9,73,14
9,74,0
9,75,0
9,76,0
9,77,40
9,78,0
9,79,14
9,80,0
9,81,554
9,82,0
9,83,2
9,84,5
9,85,0
9,86,0
9,87,0
9,88,0
9,89,0
9,90,0
9,91,0
9,92,0
9,93,0
9,94,54
9,95,66
9,96,19
9,97,2
9,98,77
9,99,7
9,100,0
9,101,4
9,102,4
9,103,2
9,104,2
9,105,0
9,106,0
9,107,0
9,108,17
9,109,19
9,110,0
9,111,0
9,112,0
9,113,14
9,114,2
9,115,38
9,116,131
9,117,0
9,118,0
9,119,12
9,120,80
9,121,5
9,122,2
9,123,3
9,124,0
9,125,16
9,126,121
9,127,5
9,128,0
9,129,0
9,130,16
9,131,14
9,132,80
9,133,2
9,134,0
9,135,7
9,136,0
9,137,21
9,138,0
9,139,2
9,140,12
9,141,0
9,142,9
9,143,23
9,144,0
9,145,0
9,146,19
9,147,0
9,148,3
9,149,0
9,150,0
9,151,5
9,152,3
9,153,2
9,154,12
9,155,3
9,156,30
9,157,0
9,158,0
9,159,0
9,160,14
9,161,77
9,162,0
9,163,0
9,164,84
9,165,129
9,166,166
9,167,0
9,168,24
9,169,30
9,170,9
9,171,10
9,172,297
9,173,0
9,174,2
9,175,0
9,176,5
9,177,418
9,178,31
9,179,10
9,180,178
9,181,0
9,182,0
9,183,10
9,184,3
9,185,0
9,186,740
9,187,0
9,188,238
9,189,52
9,190,0
9,191,161
9,192,0
9,193,196
9,194,9
9,195,0
9,196,0
9,197,89
9,198,16
9,199,0
9,200,0
9,201,2
9,202,0
9,203,105
9,204,2
9,205,161
9,206,30
9,207,719
9,208,161
9,209,2
9,210,7
9,211,0
9,212,0
9,213,0
9,214,0
9,215,2
9,216,2
9,217,9
9,218,0
9,219,0
9,220,0
9,221,3
9,222,0
9,223,0
9,224,12
9,225,7
9,226,0
9,227,21
9,228,45
9,229,126
9,230,372
9,231,2
9,232,2
9,233,5
9,234,0
9,235,0
9,236,0
9,237,5
9,238,0
9,239,126
9,240,17
9,241,44
9,242,0
9,243,77
9,244,3
9,245,0
9,246,3
9,247,0
9,248,2
9,249,5
9,250,0
9,251,138
9,252,2
9,253,0
9,254,82
9,255,173
10,0,93
10,1,0
10,2,0
10,3,89
10,4,0
10,5,23
10,6,0
10,7,14
10,8,122
10,9,63
10,10,21
10,11,16
10,12,63
10,13,68
10,14,2
10,15,2
10,16,2
10,17,82
10,18,2
10,19,58
10,20,33
10,21,10
10,22,19
10,23,24
10,24,4
10,25,86
10,26,16
10,27,178
10,28,0
10,29,5
10,30,0
10,31,59
10,32,0
10,33,0
10,34,0
10,35,0
10,36,114
10,37,9
10,38,0
10,39,14
10,40,5
10,41,2
10,42,0
10,43,10
10,44,2
10,45,0
10,46,5
10,47,0
10,48,0
10,49,2
10,50,5
10,51,0
10,52,2
10,53,2
10,54,0
10,55,0
10,56,5
10,57,0
10,58,0
10,59,40
10,60,2
10,61,9
10,62,2
10,63,9
10,64,2
10,65,140
10,66,103
10,67,0
10,68,28
10,69,0
10,70,23
10,71,21
10,72,2
10,73,2
10,74,30
10,75,17
10,76,2
10,77,59
10,78,33
10,79,9
10,80,4
10,81,149
10,82,0
10,83,10
10,84,28
10,85,2
10,86,110
10,87,59
10,88,133
10,89,0
10,90,2
10,91,10
10,92,47
10,93,24
10,94,0
10,95,0
10,96,0
10,97,0
10,98,0
10,99,14
10,100,5
10,101,0
10,102,10
10,103,0
10,104,4
10,105,0
10,106,0
10,107,0
10,108,44
10,109,100
10,110,0
10,111,2
10,112,0
10,113,10
10,114,0
10,115,21
10,116,523
10,117,91
10,118,0
10,119,23
10,120,185
10,121,14
10,122,136
10,123,2
10,124,7
10,125,205
10,126,131
10,127,5
10,128,12
10,129,5
10,130,68
10,131,0
10,132,484
10,133,2
10,134,474
10,135,93
10,136,2
10,137,129
10,138,234
10,139,7
10,140,0
10,141,7
10,142,0
10,143,0
10,144,10
10,145,3
10,146,140
10,147,276
10,148,213
10,149,9
10,150,5
10,151,9
10,152,2
10,153,0
10,154,23
10,155,0
10,156,474
10,157,208
10,158,0
10,159,2
10,160,2
10,161,21
10,162,0
10,163,37
10,164,0
10,165,346
10,166,0
10,167,17
10,168,0
10,169,84
10,170,2
10,171,52
10,172,75
10,173,14
10,174,0
10,175,7
10,176,44
10,177,0
10,178,0
10,179,2
10,180,0
10,181,0
10,182,2
10,183,38
10,184,3
10,185,38
10,186,0
10,187,16
10,188,0
10,189,10
10,190,156
10,191,2
10,192,2
10,193,226
10,194,12
10,195,10
10,196,56
10,197,3
10,198,75
10,199,3
10,200,0
10,201,7
10,202,0
10,203,7
10,204,0
10,205,411
10,206,2
10,207,110
10,208,9
10,209,0
10,210,7
10,211,12
10,212,2
10,213,12
10,214,0
10,215,30
10,216,52
10,217,58
10,218,19
10,219,12
10,220,3
10,221,0
10,222,2
10,223,28
10,224,3
10,225,30
10,226,16
10,227,17
10,228,7
10,229,21
10,230,12
10,231,10
10,232,161
10,233,23
10,234,128
10,235,0
10,236,5
10,237,0
10,238,16
10,239,0
10,240,33
10,241,0
10,242,150
10,243,23
10,244,0
10,245,9
10,246,0
10,247,72
10,248,126
10,249,2
10,250,93
10,251,3
10,252,0
10,253,35
10,254,0
10,255,2
11,0,0
11,1,0
11,2,35
11,3,68
11,4,2
11,5,5
11,6,0
11,7,140
11,8,0
11,9,4
11,10,301
11,11,2
11,12,12
11,13,0
11,14,86
11,15,259
11,16,0
11,17,24
11,18,30
11,19,58
11,20,77
11,21,0
11,22,2
11,23,89
11,24,0
11,25,21
11,26,0
11,27,16
11,28,19
11,29,2
11,30,40
11,31,0
11,32,490
11,33,30
11,34,0
11,35,0
11,36,107
11,37,121
11,38,7
11,39,238
11,40,0
11,41,4
11,42,129
11,43,17
11,44,633
11,45,10
11,46,5
11,47,37
11,48,0
11,49,19
11,50,28
11,51,21
11,52,12
11,53,0
11,54,68
11,55,4
11,56,0
11,57,0
11,58,4
11,59,168
11,60,781
11,61,2
11,62,16
11,63,217
11,64,28
11,65,0
11,66,10
11,67,0
11,68,2
11,69,4
11,70,42
11,71,37
11,72,9
11,73,7
11,74,17
11,75,0
11,76,0
11,77,0
11,78,4
11,79,2
11,80,7
11,81,30
11,82,0
11,83,0
11,84,2
11,85,114
11,86,140
11,87,7
11,88,4
11,89,24
11,90,9
11,91,184
11,92,2
11,93,5
11,94,0
11,95,14
11,96,4
11,97,28
11,98,35
11,99,166
11,100,0
11,101,14
11,102,4
11,103,4
11,104,0
11,105,0
11,106,2
11,107,101
11,108,114
11,109,19
11,110,0
11,111,215
11,112,2
11,113,0
11,114,12
11,115,0
11,116,14
11,117,0
11,118,4
11,119,0
11,120,10
11,121,2
11,122,10
11,123,9
11,124,0
11,125,0
11,126,0
11,127,12
11,128,70
11,129,0
11,130,65
11,131,0
11,132,0
11,133,196
11,134,337
11,135,42
11,136,91
11,137,4
11,138,0
11,139,14
11,140,17
11,141,262
11,142,30
11,143,2
11,144,54
11,145,61
11,146,3
11,147,0
11,148,0
11,149,9
11,150,10
11,151,40
11,152,2
11,153,51
11,154,19
11,155,3
11,156,23
11,157,38
11,158,7
11,159,5
11,160,31
11,161,56
11,162,5
11,163,3
11,164,77
11,165,2
11,166,0
11,167,63
11,168,0
11,169,0
11,170,70
11,171,0
11,172,2
11,173,3
11,174,159
11,175,0
11,176,3
11,177,2
11,178,138
11,179,0
11,180,3
11,181,24
11,182,0
11,183,23
11,184,3
11,185,16
11,186,9
11,187,7
11,188,52
11,189,75
11,190,2
11,191,7
11,192,23
11,193,3
11,194,7
11,195,26
11,196,2
11,197,12
11,198,10
11,199,0
11,200,2
11,201,17
11,202,23
11,203,2
11,204,122
11,205,3
11,206,51
11,207,16
11,208,3
11,209,89
11,210,7
11,211,0
11,212,0
11,213,0
11,214,3
11,215,2
11,216,5
11,217,3
11,218,152
11,219,0
11,220,131
11,221,3
11,222,143
11,223,101
11,224,26
11,225,87
11,226,0
11,227,0
11,228,0
11,229,30
11,230,2
11,231,79
11,232,0
11,233,51
11,234,0
11,235,0
11,236,2
11,237,31
11,238,30
11,239,23
11,240,0
11,241,0
11,242,0
11,243,5
11,244,0
11,245,0
11,246,2
11,247,9
11,248,51
11,249,5
11,250,3
11,251,5
11,252,306
11,253,35
11,254,5
11,255,17
12,0,5
12,1,56
12,2,115
12,3,103
12,4,31
12,5,54
12,6,2
12,7,0
12,8,7
12,9,154
12,10,73
12,11,10
12,12,7
12,13,14
12,14,14
12,15,63
12,16,5
12,17,119
12,18,0
12,19,0
12,20,4
12,21,59
12,22,0
12,23,14
12,24,4
12,25,0
12,26,63
12,27,0
12,28,0
12,29,0
12,30,5
12,31,0
12,32,0
12,33,0
12,34,0
12,35,2
12,36,0
12,37,0
12,38,362
12,39,91
12,40,0
12,41,2
12,42,143
12,43,26
12,44,54
12,45,0
12,46,4
12,47,142
12,48,0
12,49,0
12,50,194
12,51,0
12,52,2
12,53,73
12,54,150
12,55,87
12,56,7
12,57,2
12,58,0
12,59,49
12,60,5
12,61,0
12,62,26
12,63,86
12,64,0
12,65,7
12,66,0
12,67,42
12,68,7
12,69,44
12,70,4
12,71,42
12,72,0
12,73,0
12,74,86
12,75,0
12,76,2
12,77,4
12,78,0
12,79,0
12,80,4
12,81,40
12,82,0
12,83,0
12,84,23
12,85,217
12,86,0
12,87,0
12,88,9
12,89,259
12,90,0
12,91,0
12,92,0
12,93,145
12,94,7
12,95,0
12,96,0
12,97,0
12,98,2
12,99,2
12,100,0
12,101,49
12,102,21
12,103,243
12,104,2
12,105,0
12,106,33
12,107,5
12,108,7
12,109,0
12,110,0
12,111,9
12,112,0
12,113,0
12,114,0
12,115,128
12,116,248
12,117,7
12,118,0
12,119,40
12,120,4
12,121,0
12,122,2
12,123,0
12,124,4
12,125,19
12,126,5
12,127,2
12,128,177
12,129,0
12,130,0
12,131,9
12,132,0
12,133,0
12,134,119
12,135,0
12,136,10
12,137,68
12,138,7
12,139,0
12,140,0
12,141,0
12,142,2
12,143,212
12,144,21
12,145,40
12,146,49
12,147,14
12,148,0
12,149,0
12,150,7
12,151,180
12,152,2
12,153,4
12,154,80
12,155,4
12,156,0
12,157,227
12,158,24
12,159,0
12,160,264
12,161,472
12,162,0
12,163,400
12,164,4
12,165,0
12,166,94
12,167,4
12,168,0
12,169,2
12,170,4
12,171,0
12,172,0
12,173,0
12,174,0
12,175,4
12,176,187
12,177,28
12,178,16
12,179,0
12,180,437
12,181,0
12,182,0
12,183,0
12,184,2
12,185,0
12,186,238
12,187,0
12,188,0
12,189,56
12,190,0
12,191,31
12,192,3
12,193,12
12,194,19
12,195,0
12,196,58
12,197,2
12,198,0
12,199,26
12,200,0
12,201,9
12,202,0
12,203,23
12,204,0
12,205,24
12,206,12
12,207,114
12,208,131
12,209,10
12,210,94
12,211,3
12,212,93
12,213,0
12,214,3
12,215,12
12,216,5
12,217,3
12,218,0
12,219,66
12,220,157
12,221,21
12,222,54
12,223,24
12,224,3
12,225,0
12,226,16
12,227,0
12,228,21
12,229,0
12,230,2
12,231,0
12,232,12
12,233,0
12,234,0
12,235,3
12,236,0
12,237,3
12,238,9
12,239,2
12,240,61
12,241,0
12,242,68
12,243,0
12,244,93
12,245,0
12,246,0
12,247,2
12,248,17
12,249,40
12,250,790
12,251,68
12,252,0
12,253,49
12,254,2
12,255,0
13,0,87
13,1,2
13,2,12
13,3,2
13,4,0
13,5,7
13,6,75
13,7,31
13,8,0
13,9,0
13,10,0
13,11,128
13,12,0
13,13,86
13,14,16
13,15,175
13,16,16
13,17,0
13,18,4
13,19,110
13,20,35
13,21,84
13,22,14
13,23,0
13,24,0
13,25,21
13,26,2
13,27,0
13,28,65
13,29,171
13,30,0
13,31,0
13,32,28
13,33,117
13,34,2
13,35,14
13,36,2
13,37,38
13,38,17
13,39,0
13,40,0
13,41,0
13,42,49
13,43,87
13,44,0
13,45,52
13,46,0
13,47,84
13,48,0
13,49,0
13,50,0
13,51,7
13,52,0
13,53,0
13,54,0
13,55,4
13,56,31
13,57,0
13,58,89
13,59,0
13,60,0
13,61,44
13,62,0
13,63,0
13,64,2
13,65,112
13,66,94
13,67,7
13,68,0
13,69,0
13,70,0
13,71,5
13,72,0
13,73,5
13,74,24
13,75,0
13,76,2
13,77,0
13,78,4
13,79,0
13,80,12
13,81,0
13,82,0
13,83,2
13,84,10
13,85,0
13,86,0
13,87,33
13,88,0
13,89,5
13,90,0
13,91,4
13,92,0
13,93,617
13,94,0
13,95,12
13,96,0
13,97,2
13,98,73
13,99,5
13,100,28
13,101,152
13,102,0
13,103,156
13,104,47
13,105,250
13,106,0
13,107,147
13,108,2
13,109,7
13,110,24
13,111,16
13,112,131
13,113,68
13,114,4
13,115,33
13,116,28
13,117,0
13,118,12
13,119,5
13,120,30
13,121,44
13,122,0
13,123,0
13,124,4
13,125,0
13,126,52
13,127,19
13,128,0
13,129,0
13,130,2
13,131,0
13,132,5
13,133,0
13,134,65
13,135,2
13,136,0
13,137,5
13,138,52
13,139,0
13,140,40
13,141,2
13,142,56
13,143,0
13,144,0
13,145,712
13,146,0
13,147,80
13,148,30
13,149,0
13,150,0
13,151,418
13,152,2
13,153,0
13,154,180
13,155,73
13,156,0
13,157,0
13,158,4
13,159,5
13,160,9
13,161,2
13,162,0
13,163,0
13,164,17
13,165,404
13,166,483
13,167,2
13,168,17
13,169,119
13,170,231
13,171,0
13,172,4
13,173,5
13,174,266
13,175,7
13,176,79
13,177,5
13,178,68
13,179,10
13,180,4
13,181,2
13,182,45
13,183,390
13,184,0
13,185,3
13,186,0
13,187,0
13,188,0
13,189,0
13,190,0
13,191,0
13,192,30
13,193,0
13,194,26
13,195,2
13,196,0
13,197,49
13,198,0
13,199,140
13,200,42
13,201,2
13,202,77
13,203,44
13,204,19
13,205,5
13,206,0
13,207,3
13,208,2
13,209,2
13,210,0
13,211,149
13,212,82
13,213,0
13,214,0
13,215,152
13,216,0
13,217,0
13,218,0
13,219,308
13,220,105
13,221,5
13,222,17
13,223,0
13,224,5
13,225,2
13,226,2
13,227,0
13,228,142
13,229,0
13,230,30
13,231,2
13,232,21
13,233,0
13,234,2
13,235,0
13,236,3
13,237,0
13,238,0
13,239,3
13,240,0
13,241,0
13,242,0
13,243,5
13,244,7
13,245,21
13,246,0
13,247,0
13,248,267
13,249,0
13,250,0
13,251,12
13,252,210
13,253,0
13,254,0
13,255,3
14,0,9
14,1,30
14,2,0
14,3,0
14,4,0
14,5,0
14,6,26
14,7,7
14,8,0
14,9,2
14,10,42
14,11,40
14,12,4
14,13,0
14,14,10
14,15,0
14,16,4
14,17,23
14,18,5
14,19,0
14,20,54
14,21,0
14,22,17
14,23,0
14,24,3
14,25,0
14,26,2
14,27,0
14,28,9
14,29,5
14,30,0
14,31,0
14,32,17
14,33,0
14,34,0
14,35,0
14,36,0
14,37,0
14,38,30
14,39,0
14,40,14
14,41,3
14,42,0
14,43,0
14,44,357
14,45,3
14,46,0
14,47,0
14,48,0
14,49,98
14,50,94
14,51,150
14,52,152
14,53,126
14,54,2
14,55,0
14,56,0
14,57,2
14,58,9
14,59,9
14,60,0
14,61,9
14,62,3
14,63,35
14,64,72
14,65,0
14,66,23
14,67,441
14,68,9
14,69,0
14,70,0
14,71,3
14,72,0
14,73,719
14,74,0
14,75,0
14,76,2
14,77,0
14,78,0
14,79,0
14,80,0
14,81,12
14,82,0
14,83,0
14,84,75
14,85,0
14,86,247
14,87,24
14,88,28
14,89,0
14,90,675
14,91,0
14,92,7
14,93,45
14,94,0
14,95,0
14,96,605
14,97,2
14,98,2
14,99,0
14,100,0
14,101,7
14,102,0
14,103,7
14,104,2
14,105,0
14,106,145
14,107,26
14,108,0
14,109,0
14,110,0
14,111,14
14,112,0
14,113,0
14,114,2
14,115,0
14,116,12
14,117,220
14,118,5
14,119,3
14,120,0
14,121,0
14,122,0
14,123,2
14,124,51
14,125,2
14,126,0
14,127,0
14,128,0
14,129,0
14,130,0
14,131,0
14,132,100
14,133,0
14,134,14
14,135,0
14,136,5
14,137,66
14,138,30
14,139,82
14,140,2
14,141,0
14,142,0
14,143,0
14,144,56
14,145,58
14,146,3
14,147,149
14,148,23
14,149,101
14,150,0
14,151,0
14,152,0
14,153,0
14,154,0
14,155,21
14,156,5
14,157,0
14,158,2
14,159,16
14,160,5
14,161,2
14,162,2
14,163,10
14,164,241
14,165,212
14,166,3
14,167,147
14,168,0
14,169,0
14,170,0
14,171,128
14,172,2
14,173,5
14,174,0
14,175,0
14,176,0
14,177,5
14,178,0
14,179,84
14,180,26
14,181,3
14,182,26
14,183,7
14,184,42
14,185,0
14,186,0
14,187,2
14,188,9
14,189,491
14,190,26
14,191,2
14,192,0
14,193,0
14,194,740
14,195,5
14,196,42
14,197,0
14,198,16
14,199,2
14,200,0
14,201,3
14,202,484
14,203,42
14,204,510
14,205,3
14,206,2
14,207,0
14,208,0
14,209,2
14,210,0
14,211,2
14,212,0
14,213,7
14,214,273
14,215,0
14,216,2
14,217,2
14,218,0
14,219,2
14,220,61
14,221,0
14,222,0
14,223,0
14,224,21
14,225,52
14,226,133
14,227,0
14,228,0
14,229,2
14,230,0
14,231,103
14,232,0
14,233,0
14,234,0
14,235,9
14,236,0
14,237,0
14,238,7
14,239,0
14,240,0
14,241,3
14,242,0
14,243,0
14,244,10
14,245,0
14,246,0
14,247,0
14,248,0
14,249,0
14,250,2
14,251,28
14,252,80
14,253,243
14,254,0
14,255,0
15,0,31
15,1,12
15,2,2
15,3,108
15,4,19
15,5,0
15,6,26
15,7,0
15,8,0
15,9,0
15,10,0
15,11,35
15,12,170
15,13,10
15,14,274
15,15,0
15,16,21
15,17,0
15,18,180
15,19,0
15,20,17
15,21,136
15,22,0
15,23,98
15,24,56
15,25,0
15,26,5
15,27,4
15,28,94
15,29,0
15,30,72
15,31,93
15,32,0
15,33,51
15,34,4
15,35,21
15,36,105
15,37,87
15,38,0
15,39,2
15,40,0
15,41,0
15,42,4
15,43,0
15,44,5
15,45,5
15,46,208
15,47,0
15,48,7
15,49,38
15,50,336
15,51,0
15,52,0
15,53,0
15,54,5
15,55,7
15,56,0
15,57,0
15,58,42
15,59,0
15,60,0
15,61,7
15,62,0
15,63,0
15,64,9
15,65,42
15,66,0
15,67,4
15,68,100
15,69,0
15,70,0
15,71,19
15,72,2
15,73,0
15,74,42
15,75,0
15,76,7
15,77,0
15,78,31
15,79,37
15,80,105
15,81,79
15,82,5
15,83,0
15,84,0
15,85,5
15,86,173
15,87,31
15,88,0
15,89,2
15,90,0
15,91,49
15,92,0
15,93,16
15,94,12
15,95,28
15,96,0
15,97,5
15,98,692
15,99,44
15,100,0
15,101,180
15,102,0
15,103,24
15,104,0
15,105,0
15,106,0
15,107,0
15,108,0
15,109,37
15,110,40
15,111,0
15,112,79
15,113,0
15,114,421
15,115,0
15,116,63
15,117,4
15,118,0
15,119,0
15,120,5
15,121,311
15,122,4
15,123,47
15,124,0
15,125,7
15,126,7
15,127,0
15,128,2
15,129,0
15,130,77
15,131,9
15,132,0
15,133,2
15,134,14
15,135,0
15,136,0
15,137,2
15,138,0
15,139,0
15,140,0
15,141,0
15,142,38
15,143,0
15,144,0
15,145,210
15,146,89
15,147,509
15,148,45
15,149,49
15,150,5
15,151,2
15,152,0
15,153,5
15,154,5
15,155,4
15,156,0
15,157,2
15,158,4
15,159,0
15,160,0
15,161,0
15,162,87
15,163,0
15,164,0
15,165,79
15,166,267
15,167,0
15,168,0
15,169,399
15,170,285
15,171,19
15,172,180
15,173,0
15,174,0
15,175,0
15,176,0
15,177,31
15,178,91
15,179,0
15,180,0
15,181,135
15,182,23
15,183,0
15,184,2
15,185,5
15,186,0
15,187,9
15,188,9
15,189,68
15,190,4
15,191,2
15,192,2
15,193,3
15,194,16
15,195,198
15,196,0
15,197,2
15,198,0
15,199,0
15,200,79
15,201,0
15,202,0
15,203,2
15,204,0
15,205,0
15,206,357
15,207,0
15,208,0
15,209,0
15,210,0
15,211,0
15,212,0
15,213,54
15,214,0
15,215,47
15,216,0
15,217,16
15,218,24
15,219,0
15,220,0
15,221,0
15,222,2
15,223,0
15,224,2
15,225,3
15,226,0
15,227,19
15,228,7
15,229,51
15,230,2
15,231,0
15,232,3
15,233,24
15,234,0
15,235,507
15,236,9
15,237,0
15,238,215
15,239,0
15,240,47
15,241,35
15,242,82
15,243,0
15,244,3
15,245,0
15,246,0
15,247,7
15,248,66
15,249,75
15,250,101
15,251,0
15,252,0
15,253,0
15,254,7
15,255,0
16,0,44
16,1,0
16,2,2
16,3,0
16,4,14
16,5,96
16,6,0
16,7,0
16,8,0
16,9,2
16,10,63
16,11,4
16,12,0
16,13,31
16,14,4
16,15,0
16,16,4
16,17,2
16,18,0
16,19,0
16,20,117
16,21,26
16,22,0
16,23,0
16,24,68
16,25,222
16,26,231
16,27,0
16,28,38
16,29,0
16,30,0
16,31,33
16,32,51
16,33,24
16,34,5
16,35,150
16,36,0
16,37,0
16,38,4
16,39,7
16,40,70
16,41,0
16,42,0
16,43,89
16,44,0
16,45,4
16,46,12
16,47,145
16,48,0
16,49,0
16,50,21
16,51,33
16,52,0
16,53,107
16,54,119
16,55,44
16,56,351
16,57,0
16,58,0
16,59,145
16,60,10
16,61,66
16,62,0
16,63,0
16,64,2
16,65,4
16,66,0
16,67,24
16,68,0
16,69,21
16,70,0
16,71,0
16,72,997
16,73,45
16,74,91
16,75,2
16,76,0
16,77,0
16,78,24
16,79,0
16,80,94
16,81,28
16,82,322
16,83,0
16,84,0
16,85,16
16,86,0
16,87,4
16,88,5
16,89,2
16,90,0
16,91,49
16,92,23
16,93,7
16,94,0
16,95,21
16,96,119
16,97,0
16,98,0
16,99,2
16,100,0
16,101,49
16,102,52
16,103,0
16,104,327
16,105,14
16,106,47
16,107,4
16,108,0
16,109,0
16,110,0
16,111,217
16,112,49
16,113,0
16,114,24
16,115,4
16,116,35
16,117,138
16,118,0
16,119,21
16,120,54
16,121,0
16,122,14
16,123,9
16,124,47
16,125,0
16,126,0
16,127,2
16,128,0
16,129,10
16,130,96
16,131,0
16,132,0
16,133,44
16,134,10
16,135,0
16,136,0
16,137,38
16,138,161
16,139,0
16,140,0
16,141,2
16,142,0
16,143,2
16,144,0
16,145,9
16,146,7
16,147,10
16,148,2
16,149,40
16,150,2
16,151,115
16,152,44
16,153,4
16,154,61
16,155,14
16,156,163
16,157,0
16,158,0
16,159,0
16,160,0
16,161,31
16,162,2
16,163,5
16,164,17
16,165,42
16,166,10
16,167,0
16,168,215
16,169,12
16,170,154
16,171,16
16,172,323
16,173,2
16,174,0
16,175,2
16,176,30
16,177,0
16,178,0
16,179,94
16,180,19
16,181,45
16,182,0
16,183,294
16,184,0
16,185,21
16,186,101
16,187,0
16,188,2
16,189,26
16,190,112
16,191,5
16,192,0
16,193,45
16,194,2
16,195,94
16,196,58
16,197,129
16,198,0
16,199,0
16,200,0
16,201,5
16,202,4
16,203,4
16,204,0
16,205,35
16,206,0
16,207,0
16,208,0
16,209,26
16,210,2
16,211,0
16,212,152
16,213,0
16,214,0
16,215,5
16,216,0
16,217,68
16,218,0
16,219,21
16,220,0
16,221,0
16,222,0
16,223,0
16,224,0
16,225,2
16,226,0
16,227,4
16,228,54
16,229,14
16,230,161
16,231,31
16,232,7
16,233,23
16,234,65
16,235,4
16,236,0
16,237,0
16,238,91
16,239,2
16,240,115
16,241,0
16,242,0
16,243,12
16,244,0
16,245,10
16,246,0
16,247,5
16,248,0
16,249,0
16,250,9
16,251,0
16,252,96
16,253,367
16,254,313
16,255,84
17,0,42
17,1,414
17,2,0
17,3,0
17,4,16
17,5,185
17,6,0
17,7,0
17,8,47
17,9,28
17,10,0
17,11,70
17,12,10
17,13,2
17,14,0
17,15,77
17,16,2
17,17,65
17,18,21
17,19,250
17,20,89
17,21,161
17,22,14
17,23,0
17,24,0
17,25,4
17,26,19
17,27,192
17,28,91
17,29,2
17,30,4
17,31,0
17,32,0
17,33,0
17,34,0
17,35,94
17,36,7
17,37,31
17,38,881
17,39,5
17,40,0
17,41,0
17,42,0
17,43,0
17,44,189
17,45,0
17,46,105
17,47,28
17,48,0
17,49,14
17,50,0
17,51,0
17,52,2
17,53,0
17,54,89
17,55,0
17,56,0
17,57,121
17,58,114
17,59,0
17,60,142
17,61,23
17,62,142
17,63,0
17,64,51
17,65,0
17,66,7
17,67,12
17,68,0
17,69,54
17,70,0
17,71,0
17,72,2
17,73,0
17,74,0
17,75,0
17,76,61
17,77,0
17,78,117
17,79,0
17,80,0
17,81,0
17,82,0
17,83,0
17,84,26
17,85,2
17,86,4
17,87,54
17,88,4
17,89,591
17,90,9
17,91,0
17,92,0
17,93,2
17,94,149
17,95,23
17,96,21
17,97,0
17,98,16
17,99,16
17,100,9
17,101,42
17,102,89
17,103,0
17,104,7
17,105,0
17,106,4
17,107,2
17,108,0
17,109,37
17,110,126
17,111,0
17,112,16
17,113,0
17,114,2
17,115,61
17,116,0
17,117,70
17,118,0
17,119,54
17,120,0
17,121,0
17,122,7
17,123,0
17,124,10
17,125,3
17,126,170
17,127,0
17,128,14
17,129,0
17,130,0
17,131,0
17,132,3
17,133,0
17,134,0
17,135,509
17,136,0
17,137,0
17,138,0
17,139,3
17,140,35
17,141,0
17,142,285
17,143,0
17,144,14
17,145,0
17,146,0
17,147,0
17,148,0
17,149,26
17,150,2
17,151,2
17,152,154
17,153,10
17,154,0
17,155,30
17,156,196
17,157,0
17,158,178
17,159,2
17,160,80
17,161,0
17,162,0
17,163,0
17,164,45
17,165,0
17,166,131
17,167,0
17,168,0
17,169,31
17,170,117
17,171,16
17,172,73
17,173,0
17,174,2
17,175,3
17,176,3
17,177,0
17,178,0
17,179,0
17,180,12
17,181,0
17,182,0
17,183,0
17,184,0
17,185,63
17,186,0
17,187,0
17,188,2
17,189,51
17,190,0
17,191,3
17,192,217
17,193,0
17,194,0
17,195,3
17,196,9
17,197,28
17,198,16
17,199,59
17,200,2
17,201,0
17,202,16
17,203,0
17,204,685
17,205,0
17,206,14
17,207,2
17,208,5
17,209,3
17,210,19
17,211,24
17,212,7
17,213,3
17,214,89
17,215,16
17,216,9
17,217,2
17,218,19
17,219,30
17,220,0
17,221,9
17,222,37
17,223,2
17,224,0
17,225,80
17,226,2
17,227,0
17,228,0
17,229,10
17,230,136
17,231,0
17,232,0
17,233,124
17,234,0
17,235,5
17,236,38
17,237,9
17,238,161
17,239,0
17,240,0
17,241,0
17,242,66
17,243,2
17,244,28
17,245,7
17,246,0
17,247,0
17,248,52
17,249,0
17,250,96
17,251,0
17,252,42
17,253,0
17,254,0
17,255,0
18,0,73
18,1,2
18,2,2
18,3,0
18,4,0
18,5,4
18,6,35
18,7,0
18,8,0
18,9,0
18,10,0
18,11,2
18,12,0
18,13,156
18,14,0
18,15,110
18,16,40
18,17,0
18,18,84
18,19,0
18,20,0
18,21,0
18,22,24
18,23,0
18,24,0
18,25,4
18,26,0
18,27,0
18,28,0
18,29,0
18,30,0
18,31,2
18,32,28
18,33,9
18,34,2
18,35,4
18,36,0
18,37,0
18,38,2
18,39,4
18,40,0
18,41,0
18,42,2
18,43,51
18,44,5
18,45,5
18,46,2
18,47,10
18,48,2
18,49,5
18,50,30
18,51,0
18,52,14
18,53,91
18,54,0
18,55,23
18,56,0
18,57,93
18,58,21
18,59,86
18,60,0
18,61,0
18,62,0
18,63,16
18,64,0
18,65,31
18,66,49
18,67,0
18,68,5
18,69,82
18,70,0
18,71,5
18,72,51
18,73,82
18,74,38
18,75,4
18,76,0
18,77,52
18,78,0
18,79,0
18,80,136
18,81,0
18,82,63
18,83,136
18,84,0
18,85,110
18,86,0
18,87,4
18,88,0
18,89,0
18,90,5
18,91,740
18,92,308
18,93,2
18,94,4
18,95,0
18,96,0
18,97,12
18,98,0
18,99,0
18,100,2
18,101,0
18,102,0
18,103,9
18,104,0
18,105,4
18,106,9
18,107,0
18,108,133
18,109,17
18,110,0
18,111,297
18,112,44
18,113,2
18,114,4
18,115,0
18,116,126
18,117,538
18,118,65
18,119,3
18,120,0
18,121,0
18,122,79
18,123,2
18,124,3
18,125,3
18,126,26
18,127,10
18,128,136
18,129,68
18,130,262
18,131,7
18,132,5
18,133,0
18,134,26
18,135,241
18,136,0
18,137,103
18,138,561
18,139,517
18,140,42
18,141,131
18,142,0
18,143,7
18,144,16
18,145,5
18,146,0
18,147,0
18,148,70
18,149,0
18,150,2
18,151,49
18,152,21
18,153,0
18,154,2
18,155,2
18,156,2
18,157,3
18,158,0
18,159,16
18,160,2
18,161,35
18,162,5
18,163,94
18,164,0
18,165,3
18,166,9
18,167,2
18,168,0
18,169,3
18,170,147
18,171,178
18,172,2
18,173,0
18,174,2
18,175,792
18,176,10
18,177,33
18,178,0
18,179,87
18,180,0
18,181,2
18,182,14
18,183,30
18,184,0
18,185,0
18,186,0
18,187,51
18,188,2
18,189,0
18,190,3
18,191,0
18,192,121
18,193,5
18,194,0
18,195,5
18,196,0
18,197,98
18,198,9
18,199,0
18,200,0
18,201,14
18,202,0
18,203,9
18,204,115
18,205,2
18,206,0
18,207,5
18,208,0
18,209,98
18,210,0
18,211,0
18,212,336
18,213,5
18,214,3
18,215,2
18,216,0
18,217,0
18,218,14
18,219,115
18,220,3
18,221,0
18,222,0
18,223,17
18,224,5
18,225,30
18,226,222
18,227,70
18,228,0
18,229,30
18,230,0
18,231,0
18,232,44
18,233,2
18,234,0
18,235,0
18,236,0
18,237,40
18,238,10
18,239,35
18,240,56
18,241,0
18,242,0
18,243,0
18,244,0
18,245,240
18,246,0
18,247,0
18,248,0
18,249,0
18,250,82
18,251,10
18,252,0
18,253,7
18,254,3
18,255,0
19,0,0
19,1,0
19,2,0
19,3,0
19,4,66
19,5,2
19,6,0
19,7,10
19,8,0
19,9,0
19,10,17
19,11,138
19,12,185
19,13,0
19,14,14
19,15,14
19,16,0
19,17,5
19,18,0
19,19,14
19,20,65
19,21,0
19,22,245
19,23,40
19,24,2
19,25,414
19,26,103
19,27,0
19,28,2
19,29,0
19,30,21
19,31,0
19,32,0
19,33,727
19,34,26
19,35,72
19,36,16
19,37,31
19,38,2
19,39,16
19,40,0
19,41,2
19,42,4
19,43,38
19,44,2
19,45,37
19,46,0
19,47,37
19,48,94
19,49,0
19,50,42
19,51,61
19,52,205
19,53,0
19,54,0
19,55,0
19,56,2
19,57,61
19,58,0
19,59,909
19,60,168
19,61,84
19,62,0
19,63,7
19,64,0
19,65,0
19,66,56
19,67,149
19,68,0
19,69,0
19,70,264
19,71,2
19,72,0
19,73,0
19,74,0
19,75,33
19,76,7
19,77,0
19,78,0
19,79,124
19,80,2
19,81,0
19,82,0
19,83,9
19,84,86
19,85,122
19,86,2
19,87,4
19,88,147
19,89,0
19,90,2
19,91,5
19,92,2
19,93,0
19,94,0
19,95,7
19,96,10
19,97,0
19,98,0
19,99,150
19,100,0
19,101,84
19,102,4
19,103,0
19,104,0
19,105,0
19,106,0
19,107,4
19,108,105
19,109,108
19,110,0
19,111,0
19,112,2
19,113,0
19,114,9
19,115,147
19,116,101
19,117,49
19,118,17
19,119,0
19,120,142
19,121,5
19,122,406
19,123,0
19,124,0
19,125,0
19,126,0
19,127,4
19,128,0
19,129,4
19,130,105
19,131,0
19,132,5
19,133,0
19,134,0
19,135,7
19,136,0
19,137,283
19,138,0
19,139,4
19,140,0
19,141,0
19,142,2
19,143,692
19,144,65
19,145,0
19,146,0
19,147,0
19,148,3
19,149,0
19,150,3
19,151,59
19,152,0
19,153,10
19,154,0
19,155,0
19,156,0
19,157,40
19,158,2
19,159,0
19,160,0
19,161,2
19,162,2
19,163,77
19,164,0
19,165,40
19,166,121
19,167,196
19,168,0
19,169,0
19,170,0
19,171,0
19,172,0
19,173,7
19,174,0
19,175,0
19,176,0
19,177,3
19,178,0
19,179,0
19,180,168
19,181,12
19,182,0
19,183,61
19,184,2
19,185,0
19,186,0
19,187,0
19,188,0
19,189,7
19,190,16
19,191,0
19,192,23
19,193,5
19,194,2
19,195,7
19,196,72
19,197,2
19,198,0
19,199,19
19,200,0
19,201,2
19,202,19
19,203,26
19,204,12
19,205,38
19,206,63
19,207,5
19,208,0
19,209,21
19,210,0
19,211,14
19,212,157
19,213,2
19,214,2
19,215,17
19,216,2
19,217,0
19,218,0
19,219,52
19,220,0
19,221,2
19,222,2
19,223,0
19,224,3
19,225,3
19,226,420
19,227,0
19,228,42
19,229,12
19,230,0
19,231,24
19,232,0
19,233,37
19,234,0
19,235,2
19,236,21
19,237,17
19,238,2
19,239,10
19,240,56
19,241,19
19,242,0
19,243,0
19,244,14
19,245,16
19,246,0
19,247,260
19,248,37
19,249,47
19,250,0
19,251,0
19,252,21
19,253,3
19,254,0
19,255,0
20,0,4
20,1,51
20,2,0
20,3,0
20,4,150
20,5,0
20,6,5
20,7,7
20,8,2
20,9,0
20,10,0
20,11,4
20,12,4
20,13,0
20,14,0
20,15,14
20,16,16
20,17,2
20,18,2
20,19,0
20,20,0
20,21,2
20,22,0
20,23,54
20,24,0
20,25,0
20,26,84
20,27,0
20,28,4
20,29,30
20,30,0
20,31,0
20,32,14
20,33,89
20,34,28
20,35,49
20,36,4
20,37,0
20,38,5
20,39,0
20,40,0
20,41,367
20,42,24
20,43,12
20,44,0
20,45,0
20,46,0
20,47,126
20,48,9
20,49,0
20,50,21
20,51,0
20,52,28
20,53,449
20,54,0
20,55,0
20,56,10
20,57,2
20,58,5
20,59,49
20,60,0
20,61,5
20,62,5
20,63,0
20,64,0
20,65,19
20,66,0
20,67,0
20,68,61
20,69,2
20,70,0
20,71,316
20,72,203
20,73,510
20,74,14
20,75,0
20,76,2
20,77,4
20,78,0
20,79,0
20,80,9
20,81,0
20,82,0
20,83,47
20,84,0
20,85,233
20,86,5
20,87,0
20,88,0
20,89,7
20,90,0
20,91,10
20,92,0
20,93,2
20,94,0
20,95,24
20,96,0
20,97,0
20,98,217
20,99,23
20,100,0
20,101,0
20,102,0
20,103,0
20,104,2
20,105,0
20,106,0
20,107,35
20,108,19
20,109,0
20,110,0
20,111,0
20,112,31
20,113,77
20,114,2
20,115,24
20,116,77
20,117,16
20,118,0
20,119,16
20,120,2
20,121,143
20,122,0
20,123,9
20,124,2
20,125,0
20,126,4
20,127,4
20,128,0
20,129,0
20,130,0
20,131,0
20,132,5
20,133,727
20,134,0
20,135,0
20,136,2
20,137,0
20,138,0
20,139,4
20,140,2
20,141,4
20,142,101
20,143,5
20,144,0
20,145,259
20,146,0
20,147,2
20,148,93
20,149,0
20,150,0
20,151,619
20,152,0
20,153,0
20,154,0
20,155,0
20,156,4
20,157,40
20,158,0
20,159,54
20,160,9
20,161,3
20,162,2
20,163,0
20,164,0
20,165,45
20,166,0
20,167,0
20,168,0
20,169,0
20,170,0
20,171,916
20,172,23
20,173,3
20,174,26
20,175,3
20,176,2
20,177,0
20,178,0
20,179,201
20,180,26
20,181,226
20,182,10
20,183,2
20,184,5
20,185,17
20,186,0
20,187,2
20,188,33
20,189,0
20,190,0
20,191,10
20,192,0
20,193,30
20,194,3
20,195,259
20,196,0
20,197,5
20,198,0
20,199,0
20,200,0
20,201,2
20,202,0
20,203,264
20,204,0
20,205,44
20,206,215
20,207,0
20,208,0
20,209,0
20,210,9
20,211,0
20,212,68
20,213,0
20,214,0
20,215,0
20,216,52
20,217,2
20,218,2
20,219,3
20,220,9
20,221,0
20,222,9
20,223,9
20,224,923
20,225,59
20,226,0
20,227,0
20,228,0
20,229,0
20,230,2
20,231,0
20,232,0
20,233,5
20,234,80
20,235,0
20,236,3
20,237,10
20,238,0
20,239,213
20,240,0
20,241,0
20,242,23
20,243,12
20,244,0
20,245,0
20,246,150
20,247,5
20,248,0
20,249,82
20,250,0
20,251,2
20,252,0
20,253,54
20,254,0
20,255,0
21,0,0
21,1,35
21,2,40
21,3,0
21,4,0
21,5,70
21,6,143
21,7,0
21,8,0
21,9,2
21,10,0
21,11,0
21,12,0
21,13,0
21,14,0
21,15,0
21,16,0
21,17,2
21,18,5
21,19,9
21,20,14
21,21,0
21,22,16
21,23,219
21,24,0
21,25,0
21,26,0
21,27,0
21,28,236
21,29,70
21,30,0
21,31,4
21,32,63
21,33,0
21,34,0
21,35,4
21,36,0
21,37,0
21,38,136
21,39,30
21,40,0
21,41,0
21,42,2
21,43,0
21,44,37
21,45,0
21,46,0
21,47,12
21,48,0
21,49,0
21,50,0
21,51,0
21,52,0
21,53,2
21,54,72
21,55,2
21,56,0
21,57,0
21,58,0
21,59,0
21,60,2
21,61,617
21,62,0
21,63,5
21,64,0
21,65,0
21,66,2
21,67,0
21,68,726
21,69,66
21,70,0
21,71,0
21,72,4
21,73,4
21,74,0
21,75,0
21,76,0
21,77,10
21,78,7
21,79,4
21,80,0
21,81,610
21,82,0
21,83,0
21,84,10
21,85,0
21,86,0
21,87,2
21,88,14
21,89,0
21,90,0
21,91,0
21,92,0
21,93,0
21,94,38
21,95,93
21,96,5
21,97,0
21,98,58
21,99,9
21,100,0
21,101,19
21,102,9
21,103,0
21,104,0
21,105,17
21,106,0
21,107,0
21,108,19
21,109,0
21,110,0
21,111,0
21,112,0
21,113,7
21,114,9
21,115,52
21,116,142
21,117,2
21,118,0
21,119,4
21,120,138
21,121,0
21,122,2
21,123,28
21,124,4
21,125,16
21,126,159
21,127,2
21,128,0
21,129,0
21,130,12
21,131,52
21,132,87
21,133,0
21,134,0
21,135,0
21,136,2
21,137,73
21,138,0
21,139,0
21,140,86
21,141,0
21,142,5
21,143,2
21,144,0
21,145,0
21,146,136
21,147,0
21,148,5
21,149,0
21,150,0
21,151,16
21,152,2
21,153,2
21,154,2
21,155,12
21,156,33
21,157,0
21,158,0
21,159,0
21,160,0
21,161,5
21,162,0
21,163,0
21,164,89
21,165,119
21,166,89
21,167,0
21,168,26
21,169,28
21,170,9
21,171,0
21,172,233
21,173,2
21,174,0
21,175,0
21,176,2
21,177,479
21,178,21
21,179,5
21,180,140
21,181,0
21,182,0
21,183,7
21,184,5
21,185,0
21,186,855
21,187,0
21,188,404
21,189,58
21,190,0
21,191,171
21,192,0
21,193,7
21,194,10
21,195,0
21,196,0
21,197,70
21,198,5
21,199,0
21,200,0
21,201,0
21,202,0
21,203,115
21,204,3
21,205,77
21,206,24
21,207,825
21,208,47
21,209,5
21,210,2
21,211,2
21,212,0
21,213,0
21,214,0
21,215,2
21,216,3
21,217,5
21,218,0
21,219,0
21,220,2
21,221,2
21,222,0
21,223,0
21,224,143
21,225,3
21,226,0
21,227,31
21,228,5
21,229,107
21,230,266
21,231,14
21,232,3
21,233,0
21,234,0
21,235,0
21,236,0
21,237,10
21,238,0
21,239,40
21,240,12
21,241,44
21,242,0
21,243,194
21,244,0
21,245,0
21,246,2
21,247,0
21,248,0
21,249,0
21,250,3
21,251,346
21,252,2
21,253,0
21,254,87
21,255,68
22,0,38
22,1,0
22,2,4
22,3,26
22,4,0
22,5,28
22,6,0
22,7,28
22,8,108
22,9,44
22,10,0
22,11,5
22,12,40
22,13,2
22,14,4
22,15,0
22,16,0
22,17,79
22,18,2
22,19,37
22,20,37
22,21,0
22,22,5
22,23,51
22,24,2
22,25,149
22,26,4
22,27,101
22,28,0
22,29,4
22,30,0
22,31,31
22,32,0
22,33,0
22,34,4
22,35,4
22,36,10
22,37,0
22,38,0
22,39,0
22,40,44
22,41,0
22,42,0
22,43,7
22,44,0
22,45,0
22,46,5
22,47,0
22,48,0
22,49,4
22,50,5
22,51,2
22,52,2
22,53,4
22,54,0
22,55,0
22,56,9
22,57,0
22,58,0
22,59,23
22,60,5
22,61,5
22,62,2
22,63,17
22,64,14
22,65,136
22,66,75
22,67,0
22,68,28
22,69,0
22,70,16
22,71,10
22,72,0
22,73,2
22,74,24
22,75,19
22,76,0
22,77,58
22,78,2
22,79,2
22,80,0
22,81,49
22,82,4
22,83,45
22,84,23
22,85,2
22,86,187
22,87,89
22,88,79
22,89,0
22,90,2
22,91,7
22,92,21
22,93,12
22,94,0
22,95,0
22,96,0
22,97,0
22,98,0
22,99,9
22,100,7
22,101,0
22,102,3
22,103,0
22,104,0
22,105,0
22,106,0
22,107,2
22,108,33
22,109,117
22,110,0
22,111,3
22,112,0
22,113,26
22,114,0
22,115,2
22,116,469
22,117,68
22,118,0
22,119,63
22,120,159
22,121,3
22,122,101
22,123,2
22,124,49
22,125,128
22,126,73
22,127,0
22,128,5
22,129,0
22,130,72
22,131,0
22,132,264
22,133,0
22,134,297
22,135,142
22,136,0
22,137,138
22,138,318
22,139,0
22,140,10
22,141,0
22,142,0
22,143,0
22,144,7
22,145,0
22,146,219
22,147,435
22,148,315
22,149,17
22,150,24
22,151,2
22,152,0
22,153,0
22,154,5
22,155,0
22,156,757
22,157,152
22,158,0
22,159,7
22,160,89
22,161,38
22,162,2
22,163,35
22,164,0
22,165,596
22,166,0
22,167,2
22,168,0
22,169,75
22,170,2
22,171,19
22,172,110
22,173,14
22,174,3
22,175,2
22,176,16
22,177,7
22,178,0
22,179,3
22,180,0
22,181,0
22,182,0
22,183,5
22,184,2
22,185,9
22,186,3
22,187,9
22,188,0
22,189,3
22,190,28
22,191,3
22,192,2
22,193,205
22,194,58
22,195,9
22,196,51
22,197,7
22,198,98
22,199,12
22,200,0
22,201,14
22,202,0
22,203,30
22,204,3
22,205,682
22,206,2
22,207,133
22,208,7
22,209,0
22,210,7
22,211,0
22,212,2
22,213,2
22,214,0
22,215,12
22,216,63
22,217,42
22,218,9
22,219,3
22,220,5
22,221,0
22,222,0
22,223,3
22,224,2
22,225,94
22,226,7
22,227,2
22,228,9
22,229,3
22,230,0
22,231,3
22,232,136
22,233,100
22,234,112
22,235,0
22,236,58
22,237,0
22,238,0
22,239,0
22,240,0
22,241,0
22,242,157
22,243,21
22,244,0
22,245,28
22,246,12
22,247,9
22,248,152
22,249,3
22,250,103
22,251,26
22,252,0
22,253,35
22,254,0
22,255,2
23,0,0
23,1,0
23,2,35
23,3,37
23,4,0
23,5,0
23,6,0
23,7,250
23,8,0
23,9,28
23,10,507
23,11,0
23,12,5
23,13,2
23,14,72
23,15,80
23,16,2
23,17,5
23,18,31
23,19,38
23,20,87
23,21,0
23,22,2
23,23,49
23,24,0
23,25,21
23,26,0
23,27,12
23,28,5
23,29,0
23,30,89
23,31,4
23,32,358
23,33,24
23,34,4
23,35,0
23,36,157
23,37,168
23,38,0
23,39,236
23,40,4
23,41,4
23,42,16
23,43,26
23,44,344
23,45,0
23,46,9
23,47,10
23,48,0
23,49,21
23,50,37
23,51,14
23,52,2
23,53,0
23,54,59
23,55,0
23,56,4
23,57,4
23,58,4
23,59,288
23,60,923
23,61,0
23,62,38
23,63,145
23,64,30
23,65,0
23,66,7
23,67,0
23,68,0
23,69,0
23,70,58
23,71,31
23,72,16
23,73,4
23,74,10
23,75,0
23,76,0
23,77,0
23,78,2
23,79,0
23,80,131
23,81,16
23,82,4
23,83,0
23,84,4
23,85,80
23,86,177
23,87,5
23,88,9
23,89,7
23,90,5
23,91,285
23,92,4
23,93,12
23,94,0
23,95,65
23,96,4
23,97,0
23,98,24
23,99,175
23,100,0
23,101,248
23,102,9
23,103,0
23,104,0
23,105,0
23,106,0
23,107,93
23,108,12
23,109,17
23,110,0
23,111,219
23,112,7
23,113,0
23,114,5
23,115,0
23,116,4
23,117,5
23,118,9
23,119,0
23,120,2
23,121,9
23,122,12
23,123,4
23,124,0
23,125,0
23,126,0
23,127,7
23,128,73
23,129,0
23,130,56
23,131,0
23,132,4
23,133,131
23,134,250
23,135,63
23,136,96
23,137,2
23,138,5
23,139,3
23,140,103
23,141,175
23,142,26
23,143,9
23,144,73
23,145,31
23,146,7
23,147,0
23,148,0
23,149,9
23,150,2
23,151,31
23,152,3
23,153,51
23,154,33
23,155,0
23,156,16
23,157,105
23,158,14
23,159,2
23,160,5
23,161,70
23,162,14
23,163,5
23,164,51
23,165,3
23,166,0
23,167,100
23,168,2
23,169,0
23,170,33
23,171,3
23,172,3
23,173,0
23,174,131
23,175,0
23,176,2
23,177,0
23,178,101
23,179,0
23,180,10
23,181,0
23,182,0
23,183,9
23,184,3
23,185,2
23,186,2
23,187,2
23,188,12
23,189,105
23,190,0
23,191,2
23,192,5
23,193,2
23,194,26
23,195,16
23,196,0
23,197,19
23,198,7
23,199,0
23,200,0
23,201,54
23,202,30
23,203,2
23,204,101
23,205,2
23,206,56
23,207,5
23,208,2
23,209,91
23,210,2
23,211,0
23,212,0
23,213,2
23,214,0
23,215,9
23,216,3
23,217,0
23,218,119
23,219,0
23,220,128
23,221,40
23,222,128
23,223,91
23,224,26
23,225,33
23,226,24
23,227,0
23,228,2
23,229,16
23,230,3
23,231,150
23,232,0
23,233,14
23,234,0
23,235,0
23,236,0
23,237,58
23,238,65
23,239,12
23,240,0
23,241,2
23,242,0
23,243,19
23,244,0
23,245,0
23,246,0
23,247,3
23,248,56
23,249,0
23,250,3
23,251,30
23,252,400
23,253,14
23,254,0
23,255,0
24,0,9
24,1,103
24,2,70
24,3,31
24,4,2
24,5,0
24,6,10
24,7,2
24,8,5
24,9,108
24,10,45
24,11,108
24,12,58
24,13,23
24,14,7
24,15,135
24,16,5
24,17,80
24,18,0
24,19,0
24,20,9
24,21,17
24,22,0
24,23,0
24,24,5
24,25,0
24,26,79
24,27,0
24,28,0
24,29,2
24,30,4
24,31,0
24,32,0
24,33,0
24,34,17
24,35,0
24,36,0
24,37,0
24,38,199
24,39,115
24,40,0
24,41,0
24,42,133
24,43,79
24,44,114
24,45,0
24,46,2
24,47,206
24,48,0
24,49,0
24,50,283
24,51,0
24,52,0
24,53,17
24,54,135
24,55,152
24,56,5
24,57,0
24,58,2
24,59,58
24,60,5
24,61,0
24,62,16
24,63,87
24,64,0
24,65,2
24,66,0
24,67,107
24,68,12
24,69,0
24,70,0
24,71,400
24,72,0
24,73,4
24,74,103
24,75,0
24,76,0
24,77,2
24,78,0
24,79,7
24,80,23
24,81,38
24,82,0
24,83,0
24,84,35
24,85,119
24,86,0
24,87,2
24,88,2
24,89,301
24,90,0
24,91,0
24,92,0
24,93,152
24,94,7
24,95,0
24,96,0
24,97,0
24,98,2
24,99,9
24,100,7
24,101,66
24,102,4
24,103,288
24,104,2
24,105,0
24,106,61
24,107,28
24,108,0
24,109,0
24,110,0
24,111,2
24,112,0
24,113,0
24,114,0
24,115,149
24,116,159
24,117,2
24,118,0
24,119,217
24,120,38
24,121,0
24,122,0
24,123,0
24,124,16
24,125,105
24,126,12
24,127,28
24,128,322
24,129,0
24,130,0
24,131,37
24,132,0
24,133,4
24,134,40
24,135,2
24,136,2
24,137,35
24,138,12
24,139,0
24,140,0
24,141,0
24,142,5
24,143,87
24,144,7
24,145,10
24,146,19
24,147,19
24,148,2
24,149,2
24,150,14
24,151,135
24,152,0
24,153,9
24,154,23
24,155,10
24,156,2
24,157,147
24,158,35
24,159,4
24,160,119
24,161,65
24,162,0
24,163,351
24,164,2
24,165,0
24,166,201
24,167,4
24,168,0
24,169,3
24,170,3
24,171,0
24,172,0
24,173,2
24,174,5
24,175,0
24,176,86
24,177,65
24,178,21
24,179,0
24,180,670
24,181,0
24,182,0
24,183,0
24,184,9
24,185,0
24,186,194
24,187,2
24,188,2
24,189,21
24,190,0
24,191,23
24,192,0
24,193,5
24,194,5
24,195,10
24,196,26
24,197,0
24,198,0
24,199,16
24,200,0
24,201,5
24,202,0
24,203,31
24,204,0
24,205,47
24,206,2
24,207,203
24,208,3
24,209,2
24,210,205
24,211,5
24,212,98
24,213,0
24,214,2
24,215,9
24,216,3
24,217,5
24,218,0
24,219,47
24,220,208
24,221,38
24,222,45
24,223,0
24,224,10
24,225,2
24,226,0
24,227,2
24,228,9
24,229,0
24,230,3
24,231,0
24,232,7
24,233,0
24,234,7
24,235,10
24,236,0
24,237,0
24,238,19
24,239,0
24,240,93
24,241,0
24,242,84
24,243,0
24,244,49
24,245,0
24,246,0
24,247,2
24,248,17
24,249,3
24,250,719
24,251,56
24,252,0
24,253,3
24,254,0
24,255,0
25,0,290
25,1,2
25,2,24
25,3,0
25,4,0
25,5,4
25,6,103
25,7,38
25,8,0
25,9,0
25,10,0
25,11,84
25,12,2
25,13,77
25,14,2
25,15,65
25,16,12
25,17,0
25,18,0
25,19,264
25,20,56
25,21,70
25,22,12
25,23,0
25,24,0
25,25,16
25,26,10
25,27,0
25,28,73
25,29,119
25,30,0
25,31,0
25,32,33
25,33,154
25,34,0
25,35,14
25,36,2
25,37,66
25,38,2
25,39,0
25,40,19
25,41,0
25,42,91
25,43,84
25,44,0
25,45,79
25,46,0
25,47,66
25,48,0
25,49,0
25,50,2
25,51,4
25,52,4
25,53,0
25,54,0
25,55,2
25,56,40
25,57,2
25,58,23
25,59,0
25,60,0
25,61,87
25,62,0
25,63,0
25,64,10
25,65,68
25,66,28
25,67,0
25,68,0
25,69,0
25,70,0
25,71,17
25,72,0
25,73,100
25,74,5
25,75,0
25,76,0
25,77,0
25,78,9
25,79,0
25,80,35
25,81,4
25,82,0
25,83,5
25,84,0
25,85,2
25,86,0
25,87,52
25,88,0
25,89,5
25,90,0
25,91,12
25,92,0
25,93,427
25,94,0
25,95,10
25,96,0
25,97,49
25,98,54
25,99,0
25,100,5
25,101,206
25,102,7
25,103,82
25,104,91
25,105,233
25,106,0
25,107,33
25,108,0
25,109,9
25,110,14
25,111,7
25,112,124
25,113,49
25,114,0
25,115,66
25,116,19
25,117,10
25,118,42
25,119,4
25,120,10
25,121,2
25,122,0
25,123,0
25,124,0
25,125,0
25,126,10
25,127,4
25,128,0
25,129,0
25,130,14
25,131,0
25,132,12
25,133,0
25,134,73
25,135,0
25,136,0
25,137,28
25,138,33
25,139,0
25,140,84
25,141,5
25,142,94
25,143,0
25,144,0
25,145,694
25,146,10
25,147,98
25,148,16
25,149,0
25,150,4
25,151,208
25,152,0
25,153,4
25,154,93
25,155,255
25,156,0
25,157,0
25,158,10
25,159,3
25,160,0
25,161,0
25,162,0
25,163,0
25,164,19
25,165,434
25,166,392
25,167,30
25,168,10
25,169,182
25,170,26
25,171,3
25,172,0
25,173,0
25,174,142
25,175,2
25,176,75
25,177,0
25,178,182
25,179,0
25,180,2
25,181,2
25,182,52
25,183,280
25,184,2
25,185,2
25,186,0
25,187,0
25,188,0
25,189,2
25,190,0
25,191,0
25,192,45
25,193,0
25,194,14
25,195,5
25,196,0
25,197,138
25,198,0
25,199,147
25,200,75
25,201,16
25,202,161
25,203,189
25,204,31
25,205,0
25,206,0
25,207,5
25,208,63
25,209,7
25,210,2
25,211,248
25,212,35
25,213,7
25,214,0
25,215,154
25,216,2
25,217,0
25,218,0
25,219,222
25,220,79
25,221,12
25,222,33
25,223,2
25,224,23
25,225,0
25,226,9
25,227,7
25,228,203
25,229,0
25,230,28
25,231,2
25,232,2
25,233,0
25,234,7
25,235,0
25,236,5
25,237,0
25,238,0
25,239,10
25,240,21
25,241,2
25,242,2
25,243,3
25,244,37
25,245,30
25,246,0
25,247,0
25,248,177
25,249,0
25,250,0
25,251,3
25,252,135
25,253,7
25,254,2
25,255,0
26,0,0
26,1,56
26,2,0
26,3,0
26,4,0
26,5,0
26,6,23
26,7,79
26,8,0
26,9,4
26,10,61
26,11,56
26,12,16
26,13,2
26,14,17
26,15,2
26,16,4
26,17,19
26,18,0
26,19,0
26,20,72
26,21,0
26,22,0
26,23,0
26,24,4
26,25,0
26,26,2
26,27,2
26,28,5
26,29,2
26,30,16
26,31,7
26,32,10
26,33,0
26,34,0
26,35,0
26,36,10
26,37,0
26,38,33
26,39,0
26,40,21
26,41,0
26,42,33
26,43,0
26,44,98
26,45,0
26,46,0
26,47,0
26,48,2
26,49,122
26,50,94
26,51,79
26,52,126
26,53,182
26,54,5
26,55,0
26,56,0
26,57,7
26,58,23
26,59,17
26,60,0
26,61,9
26,62,0
26,63,19
26,64,42
26,65,0
26,66,30
26,67,570
26,68,0
26,69,0
26,70,0
26,71,5
26,72,0
26,73,692
26,74,2
26,75,0
26,76,12
26,77,0
26,78,28
26,79,0
26,80,0
26,81,12
26,82,0
26,83,9
26,84,124
26,85,0
26,86,308
26,87,21
26,88,28
26,89,0
26,90,497
26,91,2
26,92,35
26,93,108
26,94,0
26,95,0
26,96,425
26,97,0
26,98,0
26,99,0
26,100,0
26,101,2
26,102,0
26,103,33
26,104,2
26,105,2
26,106,96
26,107,49
26,108,0
26,109,2
26,110,0
26,111,44
26,112,0
26,113,2
26,114,2
26,115,28
26,116,4
26,117,119
26,118,40
26,119,0
26,120,0
26,121,0
26,122,0
26,123,0
26,124,45
26,125,0
26,126,0
26,127,0
26,128,0
26,129,0
26,130,4
26,131,0
26,132,140
26,133,0
26,134,0
26,135,0
26,136,7
26,137,115
26,138,9
26,139,10
26,140,0
26,141,2
26,142,0
26,143,0
26,144,129
26,145,49
26,146,19
26,147,168
26,148,68
26,149,94
26,150,2
26,151,0
26,152,0
26,153,14
26,154,2
26,155,28
26,156,2
26,157,4
26,158,7
26,159,14
26,160,42
26,161,5
26,162,2
26,163,5
26,164,59
26,165,108
26,166,19
26,167,91
26,168,0
26,169,2
26,170,0
26,171,212
26,172,0
26,173,4
26,174,0
26,175,2
26,176,0
26,177,0
26,178,0
26,179,84
26,180,73
26,181,2
26,182,219
26,183,40
26,184,51
26,185,0
26,186,0
26,187,0
26,188,16
26,189,224
26,190,21
26,191,3
26,192,0
26,193,0
26,194,778
26,195,0
26,196,166
26,197,35
26,198,9
26,199,12
26,200,5
26,201,2
26,202,267
26,203,54
26,204,528
26,205,31
26,206,2
26,207,3
26,208,0
26,209,0
26,210,0
26,211,3
26,212,0
26,213,17
26,214,397
26,215,10
26,216,10
26,217,3
26,218,9
26,219,0
26,220,33
26,221,0
26,222,0
26,223,0
26,224,9
26,225,112
26,226,108
26,227,0
26,228,0
26,229,3
26,230,9
26,231,94
26,232,0
26,233,0
26,234,0
26,235,14
26,236,0
26,237,0
26,238,5
26,239,2
26,240,0
26,241,3
26,242,0
26,243,9
26,244,23
26,245,0
26,246,0
26,247,0
26,248,0
26,249,7
26,250,40
26,251,73
26,252,103
26,253,77
26,254,5
26,255,0
27,0,0
27,1,14
27,2,0
27,3,105
27,4,0
27,5,2
27,6,10
27,7,0
27,8,0
27,9,0
27,10,0
27,11,21
27,12,119
27,13,31
27,14,59
27,15,0
27,16,9
27,17,2
27,18,320
27,19,5
27,20,4
27,21,42
27,22,0
27,23,75
27,24,24
27,25,0
27,26,30
27,27,0
27,28,238
27,29,2
27,30,87
27,31,156
27,32,0
27,33,49
27,34,19
27,35,73
27,36,4
27,37,23
27,38,0
27,39,0
27,40,0
27,41,0
27,42,0
27,43,2
27,44,4
27,45,2
27,46,229
27,47,0
27,48,9
27,49,16
27,50,180
27,51,0
27,52,0
27,53,0
27,54,19
27,55,14
27,56,0
27,57,0
27,58,52
27,59,2
27,60,9
27,61,7
27,62,2
27,63,4
27,64,44
27,65,31
27,66,0
27,67,0
27,68,24
27,69,0
27,70,2
27,71,9
27,72,7
27,73,2
27,74,10
27,75,4
27,76,5
27,77,2
27,78,10
27,79,63
27,80,227
27,81,61
27,82,9
27,83,2
27,84,0
27,85,56
27,86,259
27,87,30
27,88,4
27,89,0
27,90,4
27,91,4
27,92,2
27,93,28
27,94,2
27,95,31
27,96,2
27,97,38
27,98,699
27,99,40
27,100,12
27,101,283
27,102,10
27,103,24
27,104,0
27,105,0
27,106,0
27,107,0
27,108,5
27,109,79
27,110,30
27,111,0
27,112,316
27,113,0
27,114,360
27,115,0
27,116,82
27,117,2
27,118,0
27,119,4
27,120,4
27,121,383
27,122,14
27,123,14
27,124,2
27,125,5
27,126,2
27,127,0
27,128,3
27,129,17
27,130,112
27,131,201
27,132,0
27,133,5
27,134,7
27,135,0
27,136,0
27,137,0
27,138,0
27,139,3
27,140,0
27,141,0
27,142,37
27,143,0
27,144,0
27,145,70
27,146,101
27,147,159
27,148,0
27,149,0
27,150,21
27,151,0
27,152,0
27,153,24
27,154,3
27,155,16
27,156,0
27,157,3
27,158,9
27,159,0
27,160,0
27,161,2
27,162,72
27,163,0
27,164,2
27,165,68
27,166,267
27,167,0
27,168,2
27,169,330
27,170,129
27,171,19
27,172,233
27,173,0
27,174,0
27,175,0
27,176,0
27,177,93
27,178,72
27,179,7
27,180,0
27,181,82
27,182,252
27,183,2
27,184,2
27,185,23
27,186,7
27,187,7
27,188,42
27,189,79
27,190,3
27,191,7
27,192,12
27,193,0
27,194,9
27,195,133
27,196,0
27,197,3
27,198,0
27,199,0
27,200,96
27,201,2
27,202,0
27,203,3
27,204,2
27,205,0
27,206,524
27,207,0
27,208,3
27,209,0
27,210,0
27,211,0
27,212,2
27,213,77
27,214,0
27,215,61
27,216,5
27,217,5
27,218,44
27,219,0
27,220,0
27,221,17
27,222,2
27,223,0
27,224,0
27,225,3
27,226,0
27,227,7
27,228,23
27,229,66
27,230,2
27,231,0
27,232,16
27,233,115
27,234,0
27,235,191
27,236,5
27,237,2
27,238,7
27,239,40
27,240,47
27,241,54
27,242,37
27,243,0
27,244,0
27,245,0
27,246,0
27,247,2
27,248,72
27,249,236
27,250,31
27,251,7
27,252,0
27,253,0
27,254,26
27,255,2
28,0,35
28,1,0
28,2,0
28,3,0
28,4,7
28,5,47
28,6,0
28,7,0
28,8,0
28,9,2
28,10,140
28,11,0
28,12,0
28,13,7
28,14,7
28,15,0
28,16,0
28,17,12
28,18,2
28,19,0
28,20,171
28,21,7
28,22,0
28,23,0
28,24,72
28,25,2
28,26,208
28,27,0
28,28,45
28,29,0
28,30,0
28,31,52
28,32,0
28,33,35
28,34,0
28,35,226
28,36,2
28,37,0
28,38,0
28,39,10
28,40,40
28,41,4
28,42,0
28,43,161
28,44,0
28,45,7
28,46,14
28,47,80
28,48,0
28,49,2
28,50,56
28,51,14
28,52,0
28,53,110
28,54,100
28,55,2
28,56,351
28,57,2
28,58,0
28,59,257
28,60,5
28,61,149
28,62,0
28,63,5
28,64,0
28,65,14
28,66,7
28,67,17
28,68,0
28,69,9
28,70,0
28,71,0
28,72,949
28,73,40
28,74,79
28,75,19
28,76,2
28,77,0
28,78,28
28,79,0
28,80,108
28,81,28
28,82,416
28,83,0
28,84,2
28,85,4
28,86,0
28,87,23
28,88,9
28,89,7
28,90,0
28,91,70
28,92,38
28,93,2
28,94,0
28,95,14
28,96,124
28,97,0
28,98,0
28,99,2
28,100,0
28,101,37
28,102,38
28,103,0
28,104,100
28,105,124
28,106,37
28,107,2
28,108,2
28,109,0
28,110,0
28,111,336
28,112,16
28,113,0
28,114,12
28,115,0
28,116,208
28,117,96
28,118,0
28,119,14
28,120,47
28,121,0
28,122,7
28,123,21
28,124,100
28,125,0
28,126,2
28,127,0
28,128,0
28,129,23
28,130,114
28,131,0
28,132,0
28,133,75
28,134,16
28,135,0
28,136,0
28,137,26
28,138,103
28,139,0
28,140,4
28,141,0
28,142,0
28,143,0
28,144,2
28,145,28
28,146,40
28,147,52
28,148,4
28,149,52
28,150,5
28,151,108
28,152,40
28,153,7
28,154,12
28,155,2
28,156,149
28,157,0
28,158,12
28,159,0
28,160,63
28,161,7
28,162,5
28,163,4
28,164,7
28,165,38
28,166,16
28,167,0
28,168,180
28,169,38
28,170,87
28,171,10
28,172,126
28,173,2
28,174,0
28,175,2
28,176,5
28,177,0
28,178,4
28,179,66
28,180,143
28,181,7
28,182,4
28,183,245
28,184,0
28,185,47
28,186,79
28,187,0
28,188,9
28,189,5
28,190,170
28,191,0
28,192,0
28,193,138
28,194,24
28,195,0
28,196,19
28,197,93
28,198,0
28,199,0
28,200,0
28,201,51
28,202,17
28,203,38
28,204,2
28,205,9
28,206,0
28,207,0
28,208,2
28,209,3
28,210,7
28,211,0
28,212,240
28,213,0
28,214,5
28,215,5
28,216,2
28,217,129
28,218,3
28,219,107
28,220,3
28,221,0
28,222,0
28,223,9
28,224,0
28,225,2
28,226,0
28,227,7
28,228,89
28,229,12
28,230,93
28,231,213
28,232,10
28,233,5
28,234,110
28,235,0
28,236,0
28,237,0
28,238,112
28,239,0
28,240,79
28,241,0
28,242,0
28,243,5
28,244,3
28,245,9
28,246,2
28,247,14
28,248,0
28,249,0
28,250,14
28,251,0
28,252,31
28,253,126
28,254,152
28,255,105
29,0,117
29,1,449
29,2,0
29,3,0
29,4,23
29,5,199
29,6,0
29,7,0
29,8,0
29,9,56
29,10,4
29,11,712
29,12,4
29,13,0
29,14,0
29,15,28
29,16,2
29,17,56
29,18,10
29,19,297
29,20,72
29,21,140
29,22,10
29,23,0
29,24,0
29,25,7
29,26,26
29,27,191
29,28,89
29,29,7
29,30,4
29,31,0
29,32,0
29,33,0
29,34,4
29,35,7
29,36,4
29,37,23
29,38,815
29,39,110
29,40,0
29,41,0
29,42,2
29,43,0
29,44,47
29,45,4
29,46,166
29,47,45
29,48,0
29,49,0
29,50,4
29,51,0
29,52,2
29,53,0
29,54,96
29,55,0
29,56,0
29,57,159
29,58,7
29,59,0
29,60,108
29,61,14
29,62,45
29,63,0
29,64,40
29,65,7
29,66,2
29,67,0
29,68,0
29,69,2
29,70,0
29,71,0
29,72,2
29,73,4
29,74,0
29,75,0
29,76,70
29,77,0
29,78,89
29,79,0
29,80,0
29,81,0
29,82,0
29,83,0
29,84,47
29,85,0
29,86,4
29,87,65
29,88,129
29,89,526
29,90,2
29,91,0
29,92,0
29,93,10
29,94,156
29,95,24
29,96,23
29,97,0
29,98,12
29,99,2
29,100,0
29,101,38
29,102,108
29,103,0
29,104,7
29,105,0
29,106,7
29,107,0
29,108,7
29,109,47
29,110,89
29,111,2
29,112,12
29,113,0
29,114,4
29,115,12
29,116,0
29,117,122
29,118,0
29,119,72
29,120,0
29,121,3
29,122,17
29,123,0
29,124,14
29,125,16
29,126,185
29,127,0
29,128,0
29,129,5
29,130,0
29,131,0
29,132,7
29,133,0
29,134,0
29,135,19
29,136,0
29,137,3
29,138,0
29,139,5
29,140,30
29,141,0
29,142,271
29,143,0
29,144,5
29,145,0
29,146,3
29,147,2
29,148,0
29,149,77
29,150,73
29,151,3
29,152,44
29,153,101
29,154,0
29,155,33
29,156,264
29,157,5
29,158,283
29,159,33
29,160,110
29,161,2
29,162,0
29,163,0
29,164,42
29,165,3
29,166,9
29,167,3
29,168,0
29,169,0
29,170,135
29,171,14
29,172,35
29,173,0
29,174,0
29,175,2
29,176,38
29,177,0
29,178,0
29,179,0
29,180,2
29,181,0
29,182,0
29,183,0
29,184,0
29,185,80
29,186,0
29,187,0
29,188,2
29,189,23
29,190,2
29,191,0
29,192,44
29,193,0
29,194,0
29,195,10
29,196,0
29,197,170
29,198,73
29,199,2
29,200,0
29,201,0
29,202,9
29,203,0
29,204,622
29,205,0
29,206,0
29,207,0
29,208,3
29,209,9
29,210,0
29,211,2
29,212,3
29,213,16
29,214,14
29,215,52
29,216,5
29,217,0
29,218,7
29,219,16
29,220,2
29,221,399
29,222,149
29,223,0
29,224,0
29,225,108
29,226,0
29,227,0
29,228,0
29,229,7
29,230,47
29,231,0
29,232,0
29,233,23
29,234,0
29,235,2
29,236,68
29,237,0
29,238,37
29,239,0
29,240,0
29,241,2
29,242,23
29,243,2
29,244,0
29,245,14
29,246,2
29,247,0
29,248,44
29,249,0
29,250,52
29,251,0
29,252,49
29,253,0
29,254,2
29,255,0
30,0,101
30,1,0
30,2,0
30,3,4
30,4,0
30,5,38
30,6,38
30,7,0
30,8,0
30,9,0
30,10,0
30,11,0
30,12,0
30,13,59
30,14,4
30,15,187
30,16,33
30,17,0
30,18,170
30,19,0
30,20,0
30,21,0
30,22,0
30,23,0
30,24,0
30,25,0
30,26,0
30,27,0
30,28,0
30,29,0
30,30,2
30,31,4
30,32,51
30,33,21
30,34,0
30,35,5
30,36,0
30,37,0
30,38,17
30,39,0
30,40,0
30,41,0
30,42,4
30,43,47
30,44,28
30,45,26
30,46,16
30,47,2
30,48,0
30,49,0
30,50,2
30,51,4
30,52,14
30,53,5
30,54,0
30,55,17
30,56,0
30,57,219
30,58,0
30,59,33
30,60,4
30,61,4
30,62,0
30,63,65
30,64,2
30,65,2
30,66,77
30,67,0
30,68,0
30,69,68
30,70,0
30,71,35
30,72,40
30,73,19
30,74,40
30,75,4
30,76,0
30,77,5
30,78,0
30,79,0
30,80,236
30,81,0
30,82,70
30,83,250
30,84,0
30,85,163
30,86,7
30,87,2
30,88,0
30,89,17
30,90,5
30,91,633
30,92,189
30,93,2
30,94,7
30,95,0
30,96,0
30,97,2
30,98,0
30,99,9
30,100,0
30,101,0
30,102,0
30,103,12
30,104,0
30,105,24
30,106,16
30,107,0
30,108,103
30,109,0
30,110,0
30,111,264
30,112,40
30,113,5
30,114,0
30,115,0
30,116,180
30,117,448
30,118,4
30,119,2
30,120,0
30,121,0
30,122,66
30,123,4
30,124,2
30,125,7
30,126,3
30,127,9
30,128,129
30,129,72
30,130,163
30,131,28
30,132,0
30,133,0
30,134,23
30,135,14
30,136,0
30,137,813
30,138,294
30,139,628
30,140,5
30,141,47
30,142,0
30,143,49
30,144,9
30,145,0
30,146,2
30,147,0
30,148,73
30,149,0
30,150,0
30,151,205
30,152,0
30,153,3
30,154,0
30,155,2
30,156,0
30,157,0
30,158,0
30,159,14
30,160,7
30,161,3
30,162,66
30,163,154
30,164,0
30,165,3
30,166,19
30,167,0
30,168,0
30,169,35
30,170,171
30,171,2
30,172,2
30,173,0
30,174,12
30,175,540
30,176,26
30,177,23
30,178,0
30,179,54
30,180,3
30,181,0
30,182,9
30,183,0
30,184,0
30,185,0
30,186,0
30,187,33
30,188,5
30,189,0
30,190,31
30,191,0
30,192,121
30,193,2
30,194,0
30,195,7
30,196,0
30,197,100
30,198,0
30,199,3
30,200,3
30,201,24
30,202,0
30,203,5
30,204,26
30,205,21
30,206,0
30,207,2
30,208,0
30,209,161
30,210,0
30,211,0
30,212,220
30,213,0
30,214,3
30,215,3
30,216,0
30,217,2
30,218,23
30,219,114
30,220,3
30,221,58
30,222,0
30,223,24
30,224,0
30,225,105
30,226,131
30,227,89
30,228,0
30,229,0
30,230,0
30,231,0
30,232,114
30,233,0
30,234,0
30,235,0
30,236,7
30,237,52
30,238,3
30,239,37
30,240,171
30,241,0
30,242,0
30,243,0
30,244,0
30,245,175
30,246,0
30,247,0
30,248,0
30,249,0
30,250,93
30,251,16
30,252,0
30,253,2
30,254,7
30,255,5
31,0,0
31,1,2
31,2,0
31,3,0
31,4,49
31,5,0
31,6,0
31,7,5
31,8,0
31,9,0
31,10,2
31,11,105
31,12,147
31,13,0
31,14,31
31,15,38
31,16,2
31,17,0
31,18,2
31,19,0
31,20,38
31,21,0
31,22,276
31,23,77
31,24,73
31,25,154
31,26,173
31,27,0
31,28,10
31,29,0
31,30,19
31,31,0
31,32,0
31,33,892
31,34,59
31,35,61
31,36,9
31,37,98
31,38,2
31,39,5
31,40,2
31,41,2
31,42,4
31,43,35
31,44,0
31,45,14
31,46,0
31,47,35
31,48,0
31,49,94
31,50,86
31,51,65
31,52,294
31,53,0
31,54,0
31,55,143
31,56,0
31,57,93
31,58,0
31,59,614
31,60,24
31,61,49
31,62,0
31,63,21
31,64,2
31,65,0
31,66,0
31,67,196
31,68,0
31,69,5
31,70,124
31,71,0
31,72,0
31,73,0
31,74,0
31,75,12
31,76,9
31,77,0
31,78,0
31,79,757
31,80,0
31,81,0
31,82,0
31,83,28
31,84,40
31,85,31
31,86,16
31,87,2
31,88,215
31,89,7
31,90,0
31,91,4
31,92,2
31,93,0
31,94,0
31,95,4
31,96,0
31,97,4
31,98,0
31,99,115
31,100,0
31,101,28
31,102,2
31,103,0
31,104,0
31,105,0
31,106,0
31,107,5
31,108,131
31,109,56
31,110,5
31,111,0
31,112,2
31,113,12
31,114,4
31,115,7
31,116,133
31,117,4
31,118,19
31,119,0
31,120,142
31,121,4
31,122,280
31,123,2
31,124,0
31,125,0
31,126,0
31,127,0
31,128,0
31,129,0
31,130,51
31,131,2
31,132,9
31,133,0
31,134,0
31,135,7
31,136,0
31,137,114
31,138,0
31,139,4
31,140,0
31,141,0
31,142,9
31,143,498
31,144,12
31,145,0
31,146,2
31,147,0
31,148,4
31,149,19
31,150,4
31,151,44
31,152,0
31,153,9
31,154,19
31,155,0
31,156,0
31,157,215
31,158,2
31,159,0
31,160,0
31,161,0
31,162,26
31,163,54
31,164,0
31,165,65
31,166,96
31,167,122
31,168,0
31,169,0
31,170,0
31,171,2
31,172,0
31,173,4
31,174,0
31,175,0
31,176,2
31,177,5
31,178,37
31,179,0
31,180,140
31,181,0
31,182,0
31,183,49
31,184,3
31,185,0
31,186,2
31,187,0
31,188,10
31,189,0
31,190,0
31,191,2
31,192,5
31,193,2
31,194,0
31,195,10
31,196,2
31,197,0
31,198,0
31,199,17
31,200,12
31,201,3
31,202,45
31,203,19
31,204,16
31,205,45
31,206,503
31,207,10
31,208,0
31,209,0
31,210,0
31,211,3
31,212,19
31,213,2
31,214,2
31,215,54
31,216,0
31,217,0
31,218,7
31,219,87
31,220,0
31,221,3
31,222,2
31,223,0
31,224,3
31,225,5
31,226,460
31,227,0
31,228,21
31,229,35
31,230,0
31,231,12
31,232,0
31,233,68
31,234,0
31,235,0
31,236,30
31,237,16
31,238,0
31,239,63
31,240,9
31,241,10
31,242,2
31,243,0
31,244,12
31,245,5
31,246,0
31,247,274
31,248,35
31,249,70
31,250,0
31,251,0
31,252,31
31,253,3
31,254,2
31,255,10
32,0,0
32,1,2
32,2,87
32,3,33
32,4,2
32,5,68
32,6,2
32,7,2
32,8,5
32,9,247
32,10,5
32,11,0
32,12,93
32,13,0
32,14,213
32,15,7
32,16,0
32,17,28
32,18,0
32,19,196
32,20,0
32,21,42
32,22,5
32,23,0
32,24,0
32,25,135
32,26,61
32,27,14
32,28,84
32,29,0
32,30,0
32,31,23
32,32,5
32,33,52
32,34,0
32,35,0
32,36,0
32,37,7
32,38,2
32,39,0
32,40,7
32,41,0
32,42,5
32,43,0
32,44,2
32,45,0
32,46,0
32,47,781
32,48,5
32,49,0
32,50,9
32,51,0
32,52,2
32,53,24
32,54,7
32,55,5
32,56,0
32,57,166
32,58,114
32,59,47
32,60,86
32,61,24
32,62,2
32,63,0
32,64,0
32,65,0
32,66,19
32,67,0
32,68,0
32,69,0
32,70,2
32,71,2
32,72,0
32,73,0
32,74,0
32,75,31
32,76,82
32,77,5
32,78,191
32,79,0
32,80,16
32,81,0
32,82,0
32,83,0
32,84,4
32,85,65
32,86,24
32,87,0
32,88,23
32,89,21
32,90,145
32,91,0
32,92,91
32,93,2
32,94,0
32,95,9
32,96,4
32,97,0
32,98,33
32,99,61
32,100,0
32,101,33
32,102,7
32,103,0
32,104,245
32,105,920
32,106,4
32,107,0
32,108,0
32,109,87
32,110,9
32,111,0
32,112,17
32,113,61
32,114,0
32,115,0
32,116,7
32,117,51
32,118,0
32,119,129
32,120,77
32,121,0
32,122,2
32,123,178
32,124,14
32,125,38
32,126,0
32,127,10
32,128,9
32,129,0
32,130,2
32,131,0
32,132,133
32,133,0
32,134,12
32,135,0
32,136,24
32,137,4
32,138,0
32,139,0
32,140,2
32,141,0
32,142,0
32,143,9
32,144,63
32,145,2
32,146,84
32,147,0
32,148,0
32,149,147
32,150,12
32,151,154
32,152,0
32,153,4
32,154,0
32,155,0
32,156,47
32,157,40
32,158,248
32,159,44
32,160,4
32,161,4
32,162,0
32,163,0
32,164,0
32,165,0
32,166,0
32,167,0
32,168,0
32,169,4
32,170,105
32,171,0
32,172,0
32,173,33
32,174,0
32,175,7
32,176,0
32,177,0
32,178,112
32,179,115
32,180,9
32,181,128
32,182,0
32,183,0
32,184,14
32,185,19
32,186,7
32,187,7
32,188,0
32,189,0
32,190,0
32,191,10
32,192,19
32,193,0
32,194,87
32,195,44
32,196,4
32,197,66
32,198,4
32,199,35
32,200,7
32,201,0
32,202,58
32,203,0
32,204,0
32,205,142
32,206,128
32,207,9
32,208,0
32,209,17
32,210,26
32,211,128
32,212,0
32,213,4
32,214,3
32,215,0
32,216,306
32,217,0
32,218,0
32,219,0
32,220,395
32,221,3
32,222,0
32,223,101
32,224,31
32,225,3
32,226,138
32,227,0
32,228,0
32,229,3
32,230,3
32,231,9
32,232,0
32,233,0
32,234,0
32,235,51
32,236,80
32,237,45
32,238,93
32,239,0
32,240,10
32,241,16
32,242,0
32,243,0
32,244,159
32,245,42
32,246,12
32,247,40
32,248,178
32,249,9
32,250,5
32,251,0
32,252,35
32,253,2
32,254,80
32,255,327
33,0,0
33,1,0
33,2,0
33,3,0
33,4,4
33,5,58
33,6,10
33,7,0
33,8,0
33,9,4
33,10,0
33,11,16
33,12,84
33,13,2
33,14,0
33,15,4
33,16,40
33,17,0
33,18,23
33,19,0
33,20,0
33,21,0
33,22,5
33,23,31
33,24,0
33,25,0
33,26,0
33,27,7
33,28,5
33,29,2
33,30,0
33,31,0
33,32,31
33,33,54
33,34,0
33,35,4
33,36,16
33,37,38
33,38,0
33,39,7
33,40,24
33,41,166
33,42,0
33,43,31
33,44,7
33,45,0
33,46,2
33,47,89
33,48,0
33,49,21
33,50,110
33,51,10
33,52,79
33,53,0
33,54,23
33,55,0
33,56,124
33,57,0
33,58,4
33,59,5
33,60,19
33,61,105
33,62,899
33,63,26
33,64,5
33,65,4
33,66,0
33,67,0
33,68,31
33,69,0
33,70,2
33,71,2
33,72,31
33,73,23
33,74,199
33,75,52
33,76,0
33,77,2
33,78,0
33,79,0
33,80,0
33,81,991
33,82,409
33,83,271
33,84,122
33,85,82
33,86,19
33,87,0
33,88,0
33,89,0
33,90,152
33,91,2
33,92,75
33,93,117
33,94,42
33,95,49
33,96,2
33,97,31
33,98,5
33,99,12
33,100,0
33,101,0
33,102,26
33,103,79
33,104,40
33,105,16
33,106,0
33,107,14
33,108,166
33,109,0
33,110,203
33,111,0
33,112,0
33,113,871
33,114,9
33,115,0
33,116,4
33,117,9
33,118,0
33,119,0
33,120,2
33,121,4
33,122,23
33,123,0
33,124,0
33,125,0
33,126,100
33,127,75
33,128,0
33,129,49
33,130,178
33,131,0
33,132,12
33,133,82
33,134,38
33,135,45
33,136,5
33,137,4
33,138,0
33,139,79
33,140,23
33,141,0
33,142,0
33,143,24
33,144,135
33,145,0
33,146,0
33,147,26
33,148,0
33,149,4
33,150,0
33,151,2
33,152,0
33,153,0
33,154,70
33,155,2
33,156,28
33,157,2
33,158,4
33,159,0
33,160,0
33,161,37
33,162,161
33,163,0
33,164,5
33,165,0
33,166,2
33,167,124
33,168,5
33,169,0
33,170,0
33,171,0
33,172,0
33,173,2
33,174,0
33,175,0
33,176,187
33,177,5
33,178,0
33,179,14
33,180,101
33,181,61
33,182,5
33,183,24
33,184,26
33,185,5
33,186,0
33,187,512
33,188,16
33,189,45
33,190,156
33,191,5
33,192,26
33,193,0
33,194,0
33,195,0
33,196,4
33,197,0
33,198,80
33,199,0
33,200,31
33,201,16
33,202,7
33,203,68
33,204,0
33,205,7
33,206,9
33,207,0
33,208,12
33,209,0
33,210,101
33,211,0
33,212,12
33,213,0
33,214,28
33,215,0
33,216,0
33,217,19
33,218,0
33,219,0
33,220,168
33,221,0
33,222,0
33,223,30
33,224,5
33,225,0
33,226,0
33,227,2
33,228,82
33,229,84
33,230,0
33,231,38
33,232,35
33,233,2
33,234,44
33,235,33
33,236,7
33,237,2
33,238,14
33,239,0
33,240,0
33,241,0
33,242,2
33,243,0
33,244,4
33,245,7
33,246,0
33,247,0
33,248,0
33,249,17
33,250,77
33,251,30
33,252,2
33,253,21
33,254,2
33,255,0
34,0,0
34,1,108
34,2,0
34,3,5
34,4,0
34,5,65
34,6,2
34,7,0
34,8,23
34,9,10
34,10,117
34,11,23
34,12,24
34,13,66
34,14,797
34,15,59
34,16,115
34,17,2
34,18,82
34,19,16
34,20,45
34,21,16
34,22,0
34,23,0
34,24,0
34,25,0
34,26,100
34,27,19
34,28,7
34,29,0
34,30,0
34,31,0
34,32,0
34,33,16
34,34,75
34,35,0
34,36,4
34,37,299
34,38,0
34,39,5
34,40,0
34,41,0
34,42,96
34,43,668
34,44,2
34,45,0
34,46,0
34,47,0
34,48,26
34,49,16
34,50,0
34,51,16
34,52,45
34,53,0
34,54,38
34,55,37
34,56,16
34,57,79
34,58,33
34,59,0
34,60,0
34,61,0
34,62,5
34,63,7
34,64,4
34,65,4
34,66,0
34,67,10
34,68,79
34,69,0
34,70,2
34,71,0
34,72,4
34,73,7
34,74,133
34,75,0
34,76,5
34,77,178
34,78,0
34,79,0
34,80,185
34,81,2
34,82,164
34,83,0
34,84,26
34,85,40
34,86,4
34,87,30
34,88,33
34,89,0
34,90,9
34,91,82
34,92,7
34,93,51
34,94,2
34,95,2
34,96,37
34,97,126
34,98,0
34,99,2
34,100,0
34,101,0
34,102,2
34,103,5
34,104,0
34,105,5
34,106,10
34,107,0
34,108,2
34,109,5
34,110,0
34,111,0
34,112,17
34,113,21
34,114,30
34,115,0
34,116,177
34,117,0
34,118,0
34,119,2
34,120,10
34,121,236
34,122,47
34,123,117
34,124,0
34,125,0
34,126,0
34,127,0
34,128,87
34,129,0
34,130,5
34,131,0
34,132,213
34,133,80
34,134,0
34,135,0
34,136,4
34,137,0
34,138,7
34,139,0
34,140,0
34,141,105
34,142,2
34,143,33
34,144,0
34,145,0
34,146,0
34,147,0
34,148,0
34,149,4
34,150,0
34,151,0
34,152,49
34,153,2
34,154,0
34,155,0
34,156,0
34,157,4
34,158,7
34,159,0
34,160,948
34,161,96
34,162,14
34,163,23
34,164,45
34,165,5
34,166,49
34,167,0
34,168,2
34,169,31
34,170,2
34,171,0
34,172,414
34,173,4
34,174,0
34,175,2
34,176,17
34,177,5
34,178,0
34,179,0
34,180,0
34,181,568
34,182,26
34,183,0
34,184,0
34,185,38
34,186,126
34,187,2
34,188,10
34,189,0
34,190,9
34,191,325
34,192,7
34,193,0
34,194,0
34,195,112
34,196,5
34,197,0
34,198,0
34,199,4
34,200,0
34,201,201
34,202,9
34,203,0
34,204,4
34,205,4
34,206,0
34,207,14
34,208,2
34,209,2
34,210,0
34,211,4
34,212,14
34,213,2
34,214,0
34,215,0
34,216,2
34,217,17
34,218,2
34,219,45
34,220,0
34,221,0
34,222,0
34,223,238
34,224,12
34,225,2
34,226,33
34,227,52
34,228,5
34,229,7
34,230,9
34,231,9
34,232,0
34,233,0
34,234,4
34,235,5
34,236,0
34,237,0
34,238,47
34,239,5
34,240,3
34,241,12
34,242,0
34,243,0
34,244,5
34,245,0
34,246,486
34,247,47
34,248,0
34,249,35
34,250,10
34,251,2
34,252,26
34,253,10
34,254,9
34,255,16
35,0,45
35,1,2
35,2,4
35,3,9
35,4,0
35,5,0
35,6,0
35,7,9
35,8,26
35,9,16
35,10,9
35,11,5
35,12,7
35,13,0
35,14,68
35,15,24
35,16,0
35,17,0
35,18,7
35,19,0
35,20,2
35,21,10
35,22,2
35,23,0
35,24,79
35,25,2
35,26,0
35,27,254
35,28,0
35,29,0
35,30,0
35,31,0
35,32,2
35,33,4
35,34,2
35,35,0
35,36,647
35,37,4
35,38,9
35,39,9
35,40,10
35,41,0
35,42,51
35,43,23
35,44,33
35,45,0
35,46,63
35,47,9
35,48,0
35,49,9
35,50,0
35,51,0
35,52,2
35,53,14
35,54,0
35,55,14
35,56,0
35,57,38
35,58,38
35,59,7
35,60,0
35,61,2
35,62,0
35,63,2
35,64,4
35,65,0
35,66,0
35,67,220
35,68,414
35,69,0
35,70,0
35,71,5
35,72,110
35,73,4
35,74,2
35,75,0
35,76,5
35,77,77
35,78,925
35,79,49
35,80,0
35,81,2
35,82,0
35,83,33
35,84,66
35,85,2
35,86,0
35,87,182
35,88,0
35,89,561
35,90,2
35,91,5
35,92,4
35,93,448
35,94,2
35,95,59
35,96,0
35,97,26
35,98,0
35,99,0
35,100,30
35,101,70
35,102,7
35,103,135
35,104,164
35,105,2
35,106,86
35,107,0
35,108,0
35,109,0
35,110,0
35,111,0
35,112,0
35,113,0
35,114,49
35,115,0
35,116,0
35,117,14
35,118,4
35,119,56
35,120,0
35,121,58
35,122,0
35,123,0
35,124,0
35,125,2
35,126,0
35,127,0
35,128,9
35,129,4
35,130,3
35,131,0
35,132,0
35,133,3
35,134,0
35,135,26
35,136,45
35,137,0
35,138,5
35,139,56
35,140,2
35,141,2
35,142,219
35,143,7
35,144,0
35,145,0
35,146,0
35,147,0
35,148,0
35,149,5
35,150,0
35,151,3
35,152,2
35,153,2
35,154,0
35,155,5
35,156,9
35,157,0
35,158,0
35,159,0
35,160,17
35,161,2
35,162,2
35,163,5
35,164,10
35,165,2
35,166,0
35,167,809
35,168,0
35,169,0
35,170,3
35,171,12
35,172,0
35,173,0
35,174,5
35,175,0
35,176,126
35,177,0
35,178,0
35,179,0
35,180,31
35,181,2
35,182,0
35,183,3
35,184,3
35,185,80
35,186,89
35,187,0
35,188,0
35,189,0
35,190,5
35,191,37
35,192,0
35,193,0
35,194,0
35,195,0
35,196,3
35,197,30
35,198,19
35,199,2
35,200,0
35,201,0
35,202,152
35,203,26
35,204,12
35,205,0
35,206,16
35,207,2
35,208,0
35,209,5
35,210,3
35,211,2
35,212,58
35,213,3
35,214,80
35,215,2
35,216,0
35,217,0
35,218,12
35,219,0
35,220,0
35,221,192
35,222,0
35,223,9
35,224,59
35,225,0
35,226,0
35,227,0
35,228,2
35,229,110
35,230,0
35,231,3
35,232,731
35,233,0
35,234,2
35,235,138
35,236,0
35,237,0
35,238,0
35,239,87
35,240,2
35,241,0
35,242,0
35,243,0
35,244,12
35,245,194
35,246,0
35,247,0
35,248,0
35,249,0
35,250,0
35,251,0
35,252,136
35,253,781
35,254,7
35,255,2
36,0,0
36,1,0
36,2,91
36,3,2
36,4,63
36,5,2
36,6,0
36,7,21
36,8,0
36,9,0
36,10,470
36,11,12
36,12,2
36,13,0
36,14,5
36,15,0
36,16,0
36,17,96
36,18,4
36,19,0
36,20,150
36,21,52
36,22,24
36,23,14
36,24,10
36,25,0
36,26,201
36,27,4
36,28,63
36,29,2
36,30,0
36,31,2
36,32,9
36,33,0
36,34,2
36,35,0
36,36,0
36,37,44
36,38,0
36,39,0
36,40,0
36,41,0
36,42,0
36,43,0
36,44,0
36,45,17
36,46,0
36,47,4
36,48,26
36,49,0
36,50,671
36,51,2
36,52,0
36,53,4
36,54,0
36,55,31
36,56,0
36,57,5
36,58,0
36,59,24
36,60,7
36,61,0
36,62,0
36,63,2
36,64,4
36,65,17
36,66,4
36,67,7
36,68,0
36,69,30
36,70,7
36,71,0
36,72,10
36,73,10
36,74,785
36,75,5
36,76,10
36,77,10
36,78,257
36,79,17
36,80,12
36,81,2
36,82,2
36,83,63
36,84,0
36,85,848
36,86,0
36,87,425
36,88,0
36,89,24
36,90,0
36,91,0
36,92,31
36,93,0
36,94,0
36,95,4
36,96,9
36,97,0
36,98,9
36,99,904
36,100,0
36,101,0
36,102,91
36,103,63
36,104,0
36,105,4
36,106,4
36,107,0
36,108,0
36,109,0
36,110,21
36,111,5
36,112,0
36,113,0
36,114,0
36,115,44
36,116,0
36,117,0
36,118,12
36,119,0
36,120,12
36,121,0
36,122,0
36,123,0
36,124,23
36,125,9
36,126,59
36,127,0
36,128,4
36,129,2
36,130,0
36,131,7
36,132,0
36,133,0
36,134,28
36,135,84
36,136,61
36,137,2
36,138,44
36,139,0
36,140,776
36,141,0
36,142,0
36,143,17
36,144,0
36,145,0
36,146,0
36,147,2
36,148,9
36,149,4
36,150,0
36,151,0
36,152,0
36,153,596
36,154,4
36,155,0
36,156,0
36,157,0
36,158,437
36,159,4
36,160,0
36,161,2
36,162,0
36,163,507
36,164,0
36,165,3
36,166,0
36,167,3
36,168,0
36,169,0
36,170,0
36,171,28
36,172,0
36,173,0
36,174,2
36,175,2
36,176,0
36,177,0
36,178,0
36,179,0
36,180,0
36,181,0
36,182,0
36,183,5
36,184,0
36,185,7
36,186,9
36,187,7
36,188,154
36,189,0
36,190,0
36,191,0
36,192,285
36,193,0
36,194,156
36,195,0
36,196,3
36,197,0
36,198,2
36,199,5
36,200,0
36,201,0
36,202,2
36,203,31
36,204,0
36,205,9
36,206,17
36,207,33
36,208,0
36,209,0
36,210,0
36,211,0
36,212,2
36,213,0
36,214,73
36,215,2
36,216,0
36,217,3
36,218,2
36,219,5
36,220,2
36,221,28
36,222,152
36,223,3
36,224,0
36,225,37
36,226,0
36,227,0
36,228,86
36,229,0
36,230,2
36,231,2
36,232,0
36,233,156
36,234,0
36,235,3
36,236,0
36,237,7
36,238,5
36,239,10
36,240,14
36,241,0
36,242,24
36,243,0
36,244,3
36,245,5
36,246,0
36,247,0
36,248,16
36,249,0
36,250,0
36,251,0
36,252,2
36,253,2
36,254,10
36,255,0
37,0,2
37,1,0
37,2,0
37,3,2
37,4,2
37,5,93
37,6,7
37,7,0
37,8,4
37,9,0
37,10,0
37,11,7
37,12,0
37,13,16
37,14,0
37,15,0
37,16,895
37,17,0
37,18,7
37,19,0
37,20,0
37,21,274
37,22,9
37,23,4
37,24,17
37,25,17
37,26,0
37,27,0
37,28,37
37,29,10
37,30,4
37,31,0
37,32,407
37,33,19
37,34,44
37,35,5
37,36,0
37,37,0
37,38,2
37,39,150
37,40,0
37,41,0
37,42,4
37,43,0
37,44,0
37,45,0
37,46,0
37,47,0
37,48,0
37,49,0
37,50,7
37,51,0
37,52,217
37,53,180
37,54,2
37,55,10
37,56,0
37,57,0
37,58,59
37,59,0
37,60,0
37,61,23
37,62,10
37,63,0
37,64,476
37,65,89
37,66,1002
37,67,0
37,68,0
37,69,4
37,70,0
37,71,2
37,72,31
37,73,2
37,74,5
37,75,0
37,76,5
37,77,5
37,78,0
37,79,0
37,80,0
37,81,0
37,82,0
37,83,0
37,84,0
37,85,5
37,86,0
37,87,0
37,88,121
37,89,420
37,90,0
37,91,0
37,92,10
37,93,2
37,94,0
37,95,0
37,96,0
37,97,0
37,98,2
37,99,70
37,100,93
37,101,89
37,102,0
37,103,287
37,104,131
37,105,0
37,106,0
37,107,2
37,108,0
37,109,23
37,110,73
37,111,5
37,112,0
37,113,19
37,114,2
37,115,0
37,116,5
37,117,0
37,118,7
37,119,68
37,120,0
37,121,0
37,122,4
37,123,40
37,124,663
37,125,0
37,126,2
37,127,21
37,128,0
37,129,0
37,130,16
37,131,0
37,132,73
37,133,9
37,134,229
37,135,0
37,136,0
37,137,10
37,138,7
37,139,0
37,140,0
37,141,2
37,142,0
37,143,0
37,144,9
37,145,12
37,146,0
37,147,0
37,148,0
37,149,10
37,150,0
37,151,0
37,152,2
37,153,0
37,154,0
37,155,0
37,156,66
37,157,0
37,158,3
37,159,0
37,160,3
37,161,0
37,162,30
37,163,51
37,164,14
37,165,16
37,166,0
37,167,0
37,168,0
37,169,14
37,170,52
37,171,5
37,172,0
37,173,5
37,174,0
37,175,16
37,176,2
37,177,0
37,178,5
37,179,470
37,180,0
37,181,16
37,182,31
37,183,0
37,184,0
37,185,0
37,186,0
37,187,0
37,188,0
37,189,2
37,190,0
37,191,2
37,192,0
37,193,0
37,194,0
37,195,2
37,196,66
37,197,0
37,198,0
37,199,0
37,200,5
37,201,0
37,202,0
37,203,0
37,204,2
37,205,9
37,206,21
37,207,10
37,208,145
37,209,0
37,210,0
37,211,86
37,212,519
37,213,0
37,214,33
37,215,0
37,216,0
37,217,0
37,218,9
37,219,2
37,220,2
37,221,0
37,222,0
37,223,0
37,224,3
37,225,0
37,226,5
37,227,35
37,228,0
37,229,82
37,230,0
37,231,2
37,232,594
37,233,21
37,234,2
37,235,0
37,236,0
37,237,5
37,238,603
37,239,2
37,240,103
37,241,0
37,242,0
37,243,2
37,244,37
37,245,14
37,246,0
37,247,2
37,248,0
37,249,0
37,250,5
37,251,5
37,252,54
37,253,0
37,254,0
37,255,0
38,0,28
38,1,0
38,2,0
38,3,0
38,4,0
38,5,10
38,6,2
38,7,4
38,8,0
38,9,2
38,10,0
38,11,0
38,12,0
38,13,0
38,14,0
38,15,0
38,16,2
38,17,17
38,18,42
38,19,0
38,20,2
38,21,0
38,22,2
38,23,4
38,24,82
38,25,2
38,26,0
38,27,126
38,28,19
38,29,0
38,30,0
38,31,886
38,32,2
38,33,4
38,34,0
38,35,2
38,36,14
38,37,4
38,38,0
38,39,0
38,40,0
38,41,0
38,42,0
38,43,51
38,44,0
38,45,91
38,46,56
38,47,0
38,48,0
38,49,0
38,50,35
38,51,0
38,52,119
38,53,4
38,54,0
38,55,14
38,56,0
38,57,3
38,58,0
38,59,82
38,60,75
38,61,16
38,62,7
38,63,23
38,64,229
38,65,0
38,66,2
38,67,7
38,68,0
38,69,344
38,70,0
38,71,0
38,72,12
38,73,30
38,74,0
38,75,9
38,76,0
38,77,2
38,78,5
38,79,2
38,80,0
38,81,2
38,82,0
38,83,0
38,84,0
38,85,0
38,86,0
38,87,161
38,88,40
38,89,12
38,90,3
38,91,3
38,92,145
38,93,9
38,94,476
38,95,7
38,96,967
38,97,0
38,98,0
38,99,14
38,100,0
38,101,0
38,102,28
38,103,23
38,104,16
38,105,5
38,106,0
38,107,2
38,108,5
38,109,26
38,110,0
38,111,2
38,112,855
38,113,0
38,114,0
38,115,9
38,116,0
38,117,42
38,118,86
38,119,0
38,120,9
38,121,3
38,122,24
38,123,3
38,124,0
38,125,0
38,126,0
38,127,84
38,128,14
38,129,0
38,130,0
38,131,0
38,132,72
38,133,80
38,134,61
38,135,44
38,136,3
38,137,0
38,138,10
38,139,0
38,140,2
38,141,136
38,142,5
38,143,45
38,144,26
38,145,3
38,146,26
38,147,0
38,148,124
38,149,59
38,150,23
38,151,35
38,152,0
38,153,0
38,154,175
38,155,0
38,156,108
38,157,0
38,158,941
38,159,5
38,160,0
38,161,0
38,162,0
38,163,5
38,164,2
38,165,2
38,166,2
38,167,0
38,168,119
38,169,37
38,170,0
38,171,0
38,172,0
38,173,17
38,174,7
38,175,5
38,176,10
38,177,44
38,178,0
38,179,2
38,180,2
38,181,0
38,182,16
38,183,0
38,184,37
38,185,65
38,186,3
38,187,0
38,188,0
38,189,0
38,190,30
38,191,17
38,192,325
38,193,16
38,194,0
38,195,14
38,196,24
38,197,42
38,198,154
38,199,0
38,200,26
38,201,0
38,202,0
38,203,0
38,204,38
38,205,10
38,206,9
38,207,3
38,208,0
38,209,82
38,210,0
38,211,0
38,212,684
38,213,0
38,214,0
38,215,0
38,216,56
38,217,75
38,218,0
38,219,0
38,220,7
38,221,0
38,222,5
38,223,94
38,224,0
38,225,2
38,226,0
38,227,0
38,228,0
38,229,0
38,230,0
38,231,0
38,232,10
38,233,9
38,234,0
38,235,2
38,236,26
38,237,0
38,238,0
38,239,9
38,240,2
38,241,2
38,242,72
38,243,103
38,244,0
38,245,0
38,246,0
38,247,7
38,248,23
38,249,47
38,250,7
38,251,0
38,252,37
38,253,0
38,254,17
38,255,7
39,0,0
39,1,0
39,2,105
39,3,0
39,4,0
39,5,103
39,6,2
39,7,2
39,8,49
39,9,0
39,10,17
39,11,49
39,12,89
39,13,0
39,14,0
39,15,0
39,16,0
39,17,2
39,18,5
39,19,0
39,20,185
39,21,4
39,22,21
39,23,0
39,24,0
39,25,56
39,26,4
39,27,2
39,28,0
39,29,0
39,30,24
39,31,117
39,32,63
39,33,0
39,34,0
39,35,7
39,36,0
39,37,26
39,38,37
39,39,0
39,40,77
39,41,33
39,42,4
39,43,0
39,44,51
39,45,0
39,46,23
39,47,149
39,48,5
39,49,0
39,50,23
39,51,0
39,52,0
39,53,0
39,54,0
39,55,2
39,56,2
39,57,30
39,58,72
39,59,0
39,60,0
39,61,0
39,62,10
39,63,49
39,64,0
39,65,0
39,66,19
39,67,939
39,68,0
39,69,0
39,70,254
39,71,0
39,72,0
39,73,33
39,74,2
39,75,42
39,76,2
39,77,56
39,78,61
39,79,0
39,80,0
39,81,7
39,82,0
39,83,24
39,84,3
39,85,0
39,86,2
39,87,58
39,88,2
39,89,9
39,90,10
39,91,17
39,92,0
39,93,0
39,94,0
39,95,23
39,96,35
39,97,0
39,98,2
39,99,33
39,100,0
39,101,40
39,102,0
39,103,0
39,104,0
39,105,0
39,106,3
39,107,2
39,108,17
39,109,883
39,110,136
39,111,0
39,112,128
39,113,12
39,114,0
39,115,0
39,116,7
39,117,16
39,118,491
39,119,0
39,120,2
39,121,0
39,122,2
39,123,0
39,124,0
39,125,0
39,126,0
39,127,9
39,128,2
39,129,96
39,130,0
39,131,0
39,132,5
39,133,2
39,134,12
39,135,0
39,136,24
39,137,5
39,138,12
39,139,2
39,140,0
39,141,54
39,142,30
39,143,0
39,144,2
39,145,0
39,146,2
39,147,3
39,148,0
39,149,0
39,150,93
39,151,10
39,152,2
39,153,3
39,154,208
39,155,2
39,156,0
39,157,9
39,158,0
39,159,0
39,160,0
39,161,0
39,162,23
39,163,52
39,164,14
39,165,9
39,166,19
39,167,10
39,168,0
39,169,0
39,170,3
39,171,17
39,172,0
39,173,79
39,174,16
39,175,177
39,176,40
39,177,0
39,178,5
39,179,0
39,180,7
39,181,0
39,182,2
39,183,0
39,184,103
39,185,0
39,186,170
39,187,96
39,188,0
39,189,136
39,190,119
39,191,182
39,192,0
39,193,2
39,194,2
39,195,100
39,196,7
39,197,44
39,198,7
39,199,0
39,200,3
39,201,23
39,202,2
39,203,0
39,204,0
39,205,0
39,206,2
39,207,0
39,208,24
39,209,26
39,210,14
39,211,2
39,212,7
39,213,194
39,214,0
39,215,0
39,216,0
39,217,9
39,218,82
39,219,107
39,220,0
39,221,68
39,222,9
39,223,808
39,224,7
39,225,7
39,226,45
39,227,2
39,228,14
39,229,12
39,230,54
39,231,31
39,232,0
39,233,12
39,234,2
39,235,30
39,236,10
39,237,19
39,238,59
39,239,0
39,240,3
39,241,0
39,242,49
39,243,159
39,244,0
39,245,0
39,246,0
39,247,0
39,248,10
39,249,925
39,250,0
39,251,54
39,252,2
39,253,2
39,254,3
39,255,210
